business_id,application_id,app_time_stamp,state,loan_amount,credit_score,business_age,number_employees,yearly_profit,business_type,industry,loan_approved
16,1016,2024-04-26 14:10:30.411403,NY,176819,710,7,13,6974,Sole Prop,1,0
117,1117,2024-06-02 14:10:30.412368,CA,154382,770,9,22,6632,Sole Prop,2,0
613,1613,2024-08-18 14:10:30.416061,CA,160721,770,9,29,15092,C Corp,2,0
470,1470,2023-10-16 14:10:30.415005,CA,147513,500,0,26,18982,C Corp,2,0
132,1132,2023-12-14 14:10:30.412473,TX,184949,500,0,5,15981,C Corp,0,0
417,1417,2024-08-05 14:10:30.414622,TX,130546,590,3,23,20912,C Corp,1,0
108,1108,2023-11-29 14:10:30.412305,TX,193313,530,1,25,34529,Sole Prop,0,0
756,1756,2024-02-04 14:10:30.417734,TX,175210,500,0,4,20470,Sole Prop,1,0
724,1724,2024-04-14 14:10:30.417371,NY,113650,500,0,30,20436,C Corp,1,0
334,1334,2024-03-04 14:10:30.413989,NY,46864,650,5,30,47530,C Corp,1,1
716,1716,2023-12-28 14:10:30.417310,NY,28827,770,9,20,27982,Sole Prop,1,0
552,1552,2024-09-12 14:10:30.415629,NY,69107,500,0,16,16951,Sole Prop,2,0
645,1645,2024-09-20 14:10:30.416290,NY,55531,590,3,27,37569,LLC,0,1
807,1807,2024-07-31 14:10:30.418212,TX,160280,560,2,5,29842,C Corp,1,0
710,1710,2023-10-24 14:10:30.417270,TX,105893,560,2,27,28242,C Corp,1,0
717,1717,2023-12-22 14:10:30.417318,NY,176598,800,10,15,13286,Sole Prop,2,0
803,1803,2024-02-22 14:10:30.418183,NY,65290,530,1,17,13113,Sole Prop,1,0
553,1553,2024-07-05 14:10:30.415636,NY,149930,800,10,14,29150,Sole Prop,0,0
976,1976,2024-05-03 14:10:30.420132,NY,136400,620,4,26,25198,C Corp,0,0
441,1441,2024-07-05 14:10:30.414793,CA,9104,590,3,19,33323,C Corp,0,1
597,1597,2024-08-09 14:10:30.415947,TX,100653,530,1,12,39763,C Corp,1,1
276,1276,2023-12-26 14:10:30.413564,NY,191489,740,8,28,27626,Sole Prop,0,0
19,1019,2024-01-26 14:10:30.411455,NY,17351,530,1,5,39258,LLC,1,1
953,1953,2024-06-13 14:10:30.419981,NY,18243,800,10,24,15143,Sole Prop,2,0
351,1351,2024-01-10 14:10:30.414114,TX,194053,770,9,25,17064,LLC,2,0
107,1107,2024-06-15 14:10:30.412298,CA,188360,620,4,25,13554,LLC,2,0
723,1723,2024-06-26 14:10:30.417365,NY,36652,680,6,7,8367,LLC,2,0
583,1583,2024-05-06 14:10:30.415845,CA,113001,740,8,16,35298,LLC,0,0
328,1328,2023-12-30 14:10:30.413952,CA,173272,620,4,16,38135,C Corp,0,0
472,1472,2023-10-30 14:10:30.415021,CA,48604,800,10,20,29673,C Corp,0,1
413,1413,2024-08-25 14:10:30.414592,CA,102275,530,1,18,40689,LLC,1,1
374,1374,2024-08-08 14:10:30.414281,CA,47596,710,7,21,13488,C Corp,2,0
123,1123,2024-03-30 14:10:30.412411,CA,150089,740,8,12,14038,C Corp,2,0
50,1050,2024-04-26 14:10:30.411822,CA,58545,800,10,23,12309,LLC,2,0
884,1884,2024-07-29 14:10:30.419245,TX,49723,500,0,2,30670,Sole Prop,1,0
853,1853,2024-08-25 14:10:30.419043,TX,178912,710,7,20,42779,C Corp,0,0
561,1561,2024-04-16 14:10:30.415692,NY,177308,680,6,28,28580,C Corp,1,0
505,1505,2023-11-24 14:10:30.415253,NY,59164,590,3,26,26892,C Corp,0,1
824,1824,2024-08-11 14:10:30.418322,NY,116692,800,10,19,7148,Sole Prop,2,0
945,1945,2024-02-12 14:10:30.419931,CA,45922,560,2,9,21910,C Corp,2,1
293,1293,2024-07-07 14:10:30.413689,TX,126798,710,7,21,30608,LLC,0,0
166,1166,2024-08-01 14:10:30.412740,TX,159712,650,5,28,36176,Sole Prop,0,0
985,1985,2024-09-19 14:10:30.420192,CA,113538,680,6,10,12224,C Corp,2,0
987,1987,2024-07-29 14:10:30.420203,NY,11867,770,9,20,7759,C Corp,2,1
226,1226,2023-11-21 14:10:30.413171,TX,181941,800,10,18,35137,C Corp,0,0
63,1063,2024-04-30 14:10:30.411992,CA,15458,650,5,7,16544,LLC,1,1
264,1264,2024-08-22 14:10:30.413456,CA,151518,680,6,21,16588,LLC,2,0
962,1962,2024-04-08 14:10:30.420040,TX,120922,770,9,5,16332,LLC,2,0
268,1268,2024-08-26 14:10:30.413498,CA,31513,740,8,25,47743,C Corp,1,1
623,1623,2024-02-22 14:10:30.416127,CA,74048,590,3,27,7607,C Corp,2,0
407,1407,2023-12-07 14:10:30.414551,TX,50910,800,10,22,8224,C Corp,2,0
199,1199,2024-08-15 14:10:30.412985,CA,166389,680,6,9,39771,C Corp,0,0
33,1033,2023-12-26 14:10:30.411640,NY,159256,590,3,1,29944,C Corp,0,0
326,1326,2024-09-20 14:10:30.413937,NY,16917,800,10,25,21449,Sole Prop,1,0
458,1458,2024-02-25 14:10:30.414914,CA,115389,620,4,16,12412,Sole Prop,0,0
240,1240,2024-02-24 14:10:30.413281,NY,125521,530,1,28,6057,C Corp,2,0
839,1839,2024-03-11 14:10:30.418424,TX,57510,740,8,1,1697,C Corp,1,0
973,1973,2024-01-06 14:10:30.420110,NY,53868,590,3,17,15873,C Corp,2,0
534,1534,2024-01-25 14:10:30.415470,CA,34555,590,3,16,6379,C Corp,1,0
779,1779,2024-02-11 14:10:30.418010,TX,149091,530,1,10,30025,LLC,1,0
837,1837,2024-06-08 14:10:30.418413,TX,49428,800,10,2,18164,LLC,2,1
317,1317,2024-02-02 14:10:30.413866,TX,112687,680,6,27,8871,LLC,1,0
630,1630,2024-09-13 14:10:30.416179,CA,25543,800,10,14,25126,C Corp,0,1
54,1054,2024-06-01 14:10:30.411913,CA,79707,560,2,15,276,C Corp,1,0
368,1368,2024-03-10 14:10:30.414238,TX,129701,710,7,21,43601,Sole Prop,0,0
959,1959,2024-05-21 14:10:30.420021,CA,89780,800,10,30,31700,LLC,1,1
745,1745,2023-11-15 14:10:30.417547,TX,191003,800,10,12,14657,C Corp,1,0
627,1627,2024-06-06 14:10:30.416155,CA,83342,530,1,13,26673,LLC,1,0
707,1707,2023-10-23 14:10:30.417091,TX,199936,770,9,24,10256,LLC,1,0
65,1065,2024-07-17 14:10:30.412008,NY,47598,560,2,29,12948,LLC,2,0
445,1445,2024-08-15 14:10:30.414821,CA,65855,530,1,11,42609,C Corp,1,1
607,1607,2023-10-16 14:10:30.416025,NY,96876,620,4,26,42012,C Corp,0,1
836,1836,2024-05-11 14:10:30.418406,NY,13810,770,9,17,11060,C Corp,1,1
877,1877,2023-11-09 14:10:30.419200,CA,76106,710,7,25,9745,C Corp,2,0
988,1988,2023-12-19 14:10:30.420209,TX,65532,770,9,8,8011,C Corp,0,0
491,1491,2024-08-22 14:10:30.415153,TX,40113,650,5,4,18021,Sole Prop,0,0
430,1430,2024-01-31 14:10:30.414717,TX,132888,500,0,1,43236,C Corp,1,0
891,1891,2024-01-05 14:10:30.419293,NY,185294,710,7,25,16445,Sole Prop,2,0
197,1197,2024-03-20 14:10:30.412970,CA,102258,800,10,24,9762,C Corp,1,0
605,1605,2024-04-10 14:10:30.416012,CA,49010,800,10,29,38711,C Corp,0,1
46,1046,2023-12-10 14:10:30.411734,CA,136819,740,8,6,37737,C Corp,0,0
165,1165,2024-03-23 14:10:30.412733,CA,178982,800,10,5,8397,LLC,2,0
313,1313,2023-10-06 14:10:30.413836,TX,188558,800,10,6,22262,C Corp,2,0
952,1952,2024-01-10 14:10:30.419976,NY,88706,740,8,19,34949,Sole Prop,0,0
637,1637,2024-05-16 14:10:30.416234,CA,42710,770,9,20,43838,C Corp,1,1
573,1573,2024-05-30 14:10:30.415777,CA,108873,740,8,2,7718,Sole Prop,1,0
526,1526,2024-07-26 14:10:30.415410,CA,39903,800,10,22,38816,LLC,0,1
532,1532,2023-10-17 14:10:30.415456,NY,177597,620,4,7,21582,C Corp,1,0
431,1431,2024-03-08 14:10:30.414726,NY,9384,740,8,24,15026,C Corp,2,1
915,1915,2024-04-25 14:10:30.419534,TX,173990,650,5,26,20418,C Corp,2,0
283,1283,2023-11-28 14:10:30.413611,TX,115953,530,1,25,23162,LLC,2,0
643,1643,2024-01-30 14:10:30.416276,TX,103018,500,0,17,25553,LLC,0,0
265,1265,2023-10-27 14:10:30.413462,TX,198665,800,10,30,35729,LLC,1,0
331,1331,2024-07-23 14:10:30.413970,CA,193314,650,5,24,18409,Sole Prop,2,0
21,1021,2024-02-08 14:10:30.411472,TX,70906,740,8,28,30675,C Corp,0,1
278,1278,2024-06-13 14:10:30.413577,CA,96641,500,0,14,29805,Sole Prop,0,0
229,1229,2023-11-03 14:10:30.413190,CA,23241,560,2,24,39914,LLC,1,1
671,1671,2024-07-19 14:10:30.416475,NY,57506,650,5,14,46278,Sole Prop,1,0
751,1751,2023-11-24 14:10:30.417693,TX,83945,710,7,26,12971,C Corp,1,0
297,1297,2024-09-10 14:10:30.413720,TX,92012,620,4,4,21402,Sole Prop,2,0
227,1227,2023-11-03 14:10:30.413177,TX,75109,500,0,6,17575,C Corp,2,0
72,1072,2024-02-25 14:10:30.412057,CA,195983,650,5,14,38039,C Corp,1,0
730,1730,2023-10-16 14:10:30.417415,NY,76721,680,6,11,11477,Sole Prop,2,0
432,1432,2024-05-11 14:10:30.414732,NY,136652,800,10,14,30469,LLC,0,0
453,1453,2024-01-16 14:10:30.414882,CA,32077,500,0,3,21843,C Corp,2,1
400,1400,2024-06-30 14:10:30.414474,TX,34581,500,0,26,45057,Sole Prop,1,0
614,1614,2024-09-19 14:10:30.416067,CA,176346,560,2,20,23382,LLC,2,0
15,1015,2024-09-18 14:10:30.410820,CA,110162,620,4,3,14761,C Corp,0,0
468,1468,2023-11-02 14:10:30.414990,NY,192494,680,6,26,14926,LLC,2,0
415,1415,2024-08-28 14:10:30.414609,NY,159031,800,10,18,33624,Sole Prop,0,0
827,1827,2023-12-25 14:10:30.418341,CA,71526,620,4,19,13868,C Corp,2,0
539,1539,2024-03-06 14:10:30.415533,CA,188975,680,6,3,17804,C Corp,1,0
120,1120,2024-08-22 14:10:30.412388,NY,193763,680,6,16,30478,LLC,1,0
628,1628,2024-01-21 14:10:30.416164,TX,140480,770,9,22,44694,LLC,1,0
683,1683,2023-12-08 14:10:30.416579,TX,49298,530,1,12,45992,C Corp,1,1
892,1892,2024-02-27 14:10:30.419299,CA,161500,590,3,26,54553,C Corp,0,1
819,1819,2024-01-07 14:10:30.418290,CA,65158,710,7,26,18162,Sole Prop,2,0
896,1896,2023-10-15 14:10:30.419323,TX,76267,620,4,21,9321,C Corp,1,0
449,1449,2024-08-28 14:10:30.414853,NY,75247,560,2,13,20174,C Corp,1,0
342,1342,2023-11-27 14:10:30.414049,NY,38728,530,1,13,18853,Sole Prop,2,0
673,1673,2024-10-02 14:10:30.416504,CA,76703,590,3,25,20103,C Corp,0,0
681,1681,2024-04-12 14:10:30.416564,CA,99175,590,3,6,9939,LLC,2,0
442,1442,2024-03-15 14:10:30.414800,NY,83453,560,2,19,22515,C Corp,0,0
886,1886,2024-02-20 14:10:30.419258,NY,187877,740,8,6,8351,C Corp,1,0
517,1517,2024-09-11 14:10:30.415345,NY,169149,710,7,1,30794,LLC,0,0
608,1608,2024-10-04 14:10:30.416031,NY,106171,710,7,24,12959,LLC,2,0
446,1446,2023-12-05 14:10:30.414829,CA,90557,500,0,21,22756,Sole Prop,2,0
838,1838,2023-11-04 14:10:30.418419,NY,46273,530,1,9,19092,Sole Prop,2,0
109,1109,2024-09-21 14:10:30.412311,CA,155941,800,10,30,14169,Sole Prop,2,0
147,1147,2024-05-20 14:10:30.412593,TX,15546,560,2,16,6876,C Corp,1,1
840,1840,2024-08-30 14:10:30.418432,NY,149072,620,4,24,34871,C Corp,1,0
96,1096,2023-12-10 14:10:30.412227,TX,10120,770,9,13,19843,LLC,2,1
388,1388,2024-07-12 14:10:30.414388,CA,141404,710,7,4,48493,LLC,1,1
672,1672,2024-07-04 14:10:30.416497,NY,132816,650,5,21,31000,Sole Prop,0,0
790,1790,2024-01-02 14:10:30.418089,CA,176418,560,2,12,11223,LLC,2,0
616,1616,2023-12-26 14:10:30.416079,TX,196358,740,8,9,19194,Sole Prop,1,0
162,1162,2024-02-19 14:10:30.412710,TX,131967,650,5,11,31655,C Corp,1,0
611,1611,2024-09-17 14:10:30.416049,CA,10263,650,5,9,11292,LLC,0,1
152,1152,2024-03-12 14:10:30.412634,TX,5301,800,10,28,43866,Sole Prop,1,0
262,1262,2024-07-20 14:10:30.413441,CA,26365,770,9,22,46613,Sole Prop,0,0
6,1006,2024-06-16 14:10:30.410735,CA,31793,530,1,13,32790,Sole Prop,0,0
598,1598,2024-03-16 14:10:30.415956,TX,31484,650,5,10,16272,LLC,2,1
389,1389,2023-12-11 14:10:30.414397,CA,28839,740,8,15,32240,Sole Prop,0,0
956,1956,2024-03-14 14:10:30.419998,CA,27302,680,6,17,15232,C Corp,2,1
399,1399,2024-03-01 14:10:30.414467,TX,104425,590,3,8,24299,Sole Prop,2,0
629,1629,2024-08-04 14:10:30.416172,CA,50319,560,2,7,42473,LLC,0,1
323,1323,2023-12-27 14:10:30.413912,CA,37812,800,10,10,17040,C Corp,1,1
832,1832,2024-02-25 14:10:30.418381,NY,21798,620,4,8,21431,LLC,2,1
24,1024,2024-07-05 14:10:30.411524,TX,32894,800,10,10,30377,C Corp,1,1
955,1955,2024-04-15 14:10:30.419993,NY,129742,770,9,24,31910,C Corp,0,0
966,1966,2024-01-03 14:10:30.420065,NY,58425,740,8,17,16395,C Corp,2,0
150,1150,2024-07-14 14:10:30.412619,CA,112910,710,7,10,46234,Sole Prop,1,0
998,1998,2023-12-24 14:10:30.420271,CA,140299,800,10,2,17727,Sole Prop,0,0
76,1076,2023-10-31 14:10:30.412089,NY,193679,620,4,17,31861,C Corp,2,0
308,1308,2024-05-30 14:10:30.413799,NY,11793,560,2,16,15948,Sole Prop,1,1
148,1148,2024-02-21 14:10:30.412602,CA,52576,770,9,14,17053,Sole Prop,1,0
370,1370,2024-09-15 14:10:30.414253,NY,114546,560,2,30,44753,Sole Prop,0,0
287,1287,2023-11-25 14:10:30.413648,CA,68062,770,9,14,44412,C Corp,0,1
664,1664,2024-04-04 14:10:30.416425,TX,83694,560,2,27,35361,C Corp,1,1
1,1001,2023-11-12 14:10:30.410230,NY,11556,620,4,8,34967,LLC,0,1
682,1682,2024-06-10 14:10:30.416571,NY,195622,560,2,7,26869,LLC,1,0
650,1650,2023-10-18 14:10:30.416321,NY,79729,500,0,13,48767,LLC,0,1
930,1930,2024-09-03 14:10:30.419636,CA,151281,680,6,27,21028,C Corp,2,0
843,1843,2023-12-23 14:10:30.418671,NY,136902,620,4,11,29604,C Corp,0,0
564,1564,2024-03-07 14:10:30.415713,TX,102646,710,7,24,24354,C Corp,0,0
986,1986,2023-11-13 14:10:30.420197,TX,76774,560,2,25,48811,LLC,0,1
386,1386,2024-01-09 14:10:30.414372,CA,143457,650,5,3,48161,LLC,1,1
159,1159,2023-12-27 14:10:30.412685,NY,105554,590,3,30,4655,C Corp,1,0
235,1235,2023-10-23 14:10:30.413235,TX,160486,710,7,17,4699,Sole Prop,1,0
870,1870,2024-05-26 14:10:30.419155,CA,10199,680,6,4,22266,C Corp,2,1
106,1106,2024-07-18 14:10:30.412292,NY,38088,710,7,22,26044,C Corp,0,1
912,1912,2024-03-28 14:10:30.419426,NY,70201,560,2,16,26374,C Corp,0,1
456,1456,2023-12-17 14:10:30.414902,TX,49455,800,10,13,26576,LLC,0,1
68,1068,2024-02-12 14:10:30.412031,CA,85003,590,3,8,43562,C Corp,0,1
863,1863,2023-12-17 14:10:30.419112,NY,155966,800,10,8,30822,C Corp,0,0
512,1512,2024-05-15 14:10:30.415307,TX,101749,710,7,16,16556,C Corp,2,0
395,1395,2023-11-09 14:10:30.414436,CA,103162,680,6,15,17489,Sole Prop,2,0
202,1202,2024-08-03 14:10:30.413004,CA,29031,800,10,7,8855,C Corp,1,0
343,1343,2024-03-31 14:10:30.414055,NY,57181,770,9,17,18335,C Corp,2,0
373,1373,2024-01-10 14:10:30.414275,CA,40179,740,8,15,14200,LLC,2,1
17,1017,2024-07-25 14:10:30.411436,NY,152159,740,8,9,14607,C Corp,1,0
421,1421,2023-12-21 14:10:30.414655,NY,199314,560,2,1,13588,C Corp,2,0
982,1982,2024-06-23 14:10:30.420174,NY,86002,740,8,30,33772,Sole Prop,0,1
249,1249,2024-01-26 14:10:30.413345,CA,152779,770,9,15,4267,C Corp,1,0
67,1067,2024-05-30 14:10:30.412024,CA,46732,530,1,13,38125,Sole Prop,0,0
646,1646,2024-09-18 14:10:30.416296,CA,18253,650,5,23,20778,Sole Prop,0,0
874,1874,2024-07-22 14:10:30.419181,NY,172924,650,5,14,17731,C Corp,1,0
335,1335,2024-04-27 14:10:30.413997,NY,46770,710,7,17,14349,Sole Prop,2,0
570,1570,2024-04-04 14:10:30.415756,NY,123467,620,4,15,7378,LLC,2,0
137,1137,2024-07-16 14:10:30.412526,NY,50564,740,8,3,24337,LLC,0,1
390,1390,2024-03-06 14:10:30.414403,CA,152825,500,0,18,15062,C Corp,2,0
586,1586,2024-01-30 14:10:30.415868,CA,153282,740,8,11,22207,Sole Prop,2,0
713,1713,2024-01-19 14:10:30.417292,NY,149309,800,10,13,1703,LLC,2,0
316,1316,2023-11-26 14:10:30.413858,NY,22235,620,4,13,14101,C Corp,1,1
568,1568,2024-05-18 14:10:30.415740,NY,24578,590,3,5,5741,LLC,1,0
136,1136,2024-08-15 14:10:30.412518,NY,168975,590,3,9,2038,LLC,1,0
934,1934,2024-05-30 14:10:30.419838,TX,168925,560,2,18,28286,C Corp,1,0
752,1752,2024-04-04 14:10:30.417701,NY,190514,650,5,17,43157,LLC,0,0
984,1984,2024-01-06 14:10:30.420186,TX,36034,560,2,11,29342,C Corp,0,1
42,1042,2024-06-05 14:10:30.411706,NY,111539,710,7,16,31713,Sole Prop,0,0
501,1501,2024-09-13 14:10:30.415225,TX,120701,740,8,7,12347,LLC,2,0
155,1155,2023-10-13 14:10:30.412655,CA,36831,500,0,21,40861,LLC,1,1
749,1749,2024-07-14 14:10:30.417680,TX,71850,500,0,11,12386,C Corp,2,0
533,1533,2024-01-18 14:10:30.415464,NY,107695,620,4,21,44799,LLC,0,1
500,1500,2024-01-17 14:10:30.415216,NY,155133,530,1,9,37412,Sole Prop,1,0
347,1347,2024-01-06 14:10:30.414086,CA,190791,770,9,10,14955,LLC,2,0
454,1454,2024-08-18 14:10:30.414888,TX,161773,650,5,28,12831,LLC,2,0
654,1654,2024-05-28 14:10:30.416352,TX,85074,800,10,9,22480,Sole Prop,2,0
929,1929,2024-08-29 14:10:30.419630,NY,59719,800,10,16,21297,Sole Prop,0,0
419,1419,2023-11-07 14:10:30.414637,CA,85851,620,4,12,46636,Sole Prop,1,0
721,1721,2024-05-08 14:10:30.417352,TX,141835,650,5,23,35277,LLC,0,0
455,1455,2024-05-08 14:10:30.414894,CA,106659,530,1,24,727,LLC,1,0
350,1350,2023-12-13 14:10:30.414107,TX,64649,500,0,19,13393,LLC,2,0
448,1448,2023-11-01 14:10:30.414847,CA,27464,770,9,10,40265,C Corp,0,1
917,1917,2024-05-29 14:10:30.419553,NY,132219,710,7,18,14115,C Corp,2,0
296,1296,2024-02-05 14:10:30.413714,CA,14599,800,10,7,5513,Sole Prop,2,0
576,1576,2024-09-28 14:10:30.415802,NY,63271,560,2,7,15236,Sole Prop,2,0
55,1055,2024-05-03 14:10:30.411928,TX,176435,740,8,1,40773,C Corp,1,0
345,1345,2024-07-20 14:10:30.414070,TX,140136,560,2,11,27476,Sole Prop,1,0
9,1009,2024-08-30 14:10:30.410766,NY,178346,590,3,25,12374,LLC,2,0
205,1205,2024-04-19 14:10:30.413025,NY,161233,500,0,9,34732,LLC,0,0
698,1698,2024-08-06 14:10:30.416687,NY,17029,500,0,28,11550,C Corp,0,1
196,1196,2024-05-02 14:10:30.412962,CA,35440,530,1,8,24625,LLC,1,1
537,1537,2024-02-06 14:10:30.415518,NY,9375,770,9,3,16172,Sole Prop,0,0
620,1620,2024-07-09 14:10:30.416106,TX,81496,530,1,16,21151,Sole Prop,0,0
822,1822,2024-10-02 14:10:30.418307,TX,199942,500,0,19,18048,LLC,1,0
11,1011,2024-04-06 14:10:30.410786,NY,180682,620,4,23,15212,C Corp,1,0
739,1739,2024-07-14 14:10:30.417476,CA,184146,620,4,5,20595,C Corp,0,0
601,1601,2024-07-07 14:10:30.415982,CA,85431,620,4,5,33944,C Corp,0,1
25,1025,2023-11-28 14:10:30.411532,NY,45065,650,5,25,15752,C Corp,0,1
903,1903,2024-09-06 14:10:30.419367,CA,107871,530,1,18,20242,LLC,2,0
462,1462,2024-07-27 14:10:30.414944,CA,89060,770,9,23,28629,Sole Prop,0,0
813,1813,2024-04-12 14:10:30.418254,CA,161377,770,9,3,22968,Sole Prop,0,0
647,1647,2024-02-10 14:10:30.416302,TX,109056,800,10,30,38696,C Corp,0,1
775,1775,2023-12-29 14:10:30.417977,NY,84872,590,3,24,32571,C Corp,1,1
301,1301,2024-05-01 14:10:30.413748,CA,162973,680,6,6,47073,Sole Prop,1,0
437,1437,2024-02-04 14:10:30.414766,NY,171919,500,0,23,35354,LLC,0,0
733,1733,2024-06-19 14:10:30.417437,TX,192271,620,4,22,12377,C Corp,2,0
919,1919,2024-02-08 14:10:30.419568,CA,161940,740,8,6,22017,C Corp,0,0
484,1484,2023-11-12 14:10:30.415106,TX,118281,680,6,1,8615,C Corp,1,0
860,1860,2024-04-21 14:10:30.419092,CA,165636,620,4,6,31294,Sole Prop,1,0
49,1049,2023-11-22 14:10:30.411807,NY,114897,800,10,19,27134,C Corp,1,0
291,1291,2024-04-11 14:10:30.413677,NY,197136,800,10,21,39097,C Corp,0,0
359,1359,2024-05-15 14:10:30.414172,TX,83249,590,3,10,12644,C Corp,2,0
594,1594,2024-08-19 14:10:30.415927,NY,65980,770,9,8,28443,C Corp,0,1
32,1032,2024-01-14 14:10:30.411633,CA,36720,590,3,8,24663,Sole Prop,0,0
804,1804,2024-07-01 14:10:30.418193,NY,99954,770,9,23,37003,C Corp,0,1
909,1909,2024-09-08 14:10:30.419406,TX,62091,530,1,8,29004,Sole Prop,1,0
737,1737,2024-01-05 14:10:30.417463,CA,115726,500,0,17,27707,LLC,0,0
277,1277,2024-07-14 14:10:30.413571,CA,122786,740,8,5,24360,LLC,2,0
482,1482,2024-06-02 14:10:30.415090,TX,50731,740,8,6,25275,C Corp,2,1
833,1833,2023-11-28 14:10:30.418386,NY,194921,680,6,30,20311,C Corp,2,0
667,1667,2024-04-06 14:10:30.416448,NY,85500,680,6,26,24410,Sole Prop,2,0
876,1876,2024-04-27 14:10:30.419195,CA,176183,620,4,23,9969,C Corp,2,0
355,1355,2024-09-03 14:10:30.414143,TX,41197,740,8,7,4205,Sole Prop,1,0
7,1007,2023-11-30 14:10:30.410743,CA,16390,710,7,18,40105,Sole Prop,0,0
37,1037,2024-08-16 14:10:30.411670,TX,117997,650,5,14,16044,Sole Prop,2,0
754,1754,2024-03-12 14:10:30.417719,NY,96593,590,3,29,12468,C Corp,0,0
310,1310,2024-01-27 14:10:30.413817,NY,37148,560,2,28,23777,Sole Prop,0,0
220,1220,2024-02-26 14:10:30.413128,NY,198670,650,5,26,38724,C Corp,0,0
821,1821,2024-08-23 14:10:30.418302,CA,161838,740,8,14,18109,LLC,2,0
285,1285,2024-02-13 14:10:30.413626,NY,34060,710,7,20,2265,LLC,1,0
434,1434,2024-05-28 14:10:30.414747,CA,75077,680,6,3,13434,Sole Prop,2,0
35,1035,2024-06-05 14:10:30.411654,CA,180368,710,7,7,33126,LLC,1,0
528,1528,2024-06-17 14:10:30.415422,TX,44681,680,6,20,4346,Sole Prop,1,0
258,1258,2024-02-23 14:10:30.413411,CA,142381,740,8,20,38524,Sole Prop,0,0
705,1705,2024-09-20 14:10:30.417067,TX,195651,560,2,16,18371,LLC,2,0
851,1851,2024-01-23 14:10:30.419031,TX,57341,590,3,24,25377,Sole Prop,0,0
747,1747,2023-10-21 14:10:30.417655,NY,54014,560,2,24,44633,LLC,1,1
895,1895,2024-05-23 14:10:30.419316,NY,115687,800,10,8,11024,C Corp,1,0
255,1255,2024-09-13 14:10:30.413392,CA,154856,800,10,7,4874,C Corp,2,0
825,1825,2024-03-02 14:10:30.418328,TX,100851,770,9,9,45865,Sole Prop,1,0
412,1412,2024-07-28 14:10:30.414586,CA,68663,620,4,7,5436,C Corp,2,0
744,1744,2024-09-07 14:10:30.417539,NY,199948,620,4,7,10249,Sole Prop,1,0
203,1203,2023-12-04 14:10:30.413012,NY,18258,650,5,8,27765,C Corp,0,1
116,1116,2023-12-06 14:10:30.412361,CA,89490,590,3,27,29814,Sole Prop,0,0
911,1911,2024-09-13 14:10:30.419419,TX,186076,710,7,23,4574,LLC,1,0
511,1511,2024-03-26 14:10:30.415301,CA,24796,800,10,26,35765,Sole Prop,0,0
175,1175,2024-07-07 14:10:30.412814,NY,164774,680,6,20,32598,LLC,1,0
783,1783,2024-07-18 14:10:30.418040,TX,153599,650,5,26,5795,Sole Prop,2,0
212,1212,2024-02-29 14:10:30.413076,TX,33301,710,7,23,8771,LLC,2,0
303,1303,2024-09-05 14:10:30.413763,NY,180946,800,10,13,14457,C Corp,2,0
143,1143,2024-05-10 14:10:30.412568,CA,37598,710,7,23,15342,C Corp,2,1
579,1579,2024-04-18 14:10:30.415821,NY,16192,710,7,2,40062,C Corp,0,1
477,1477,2024-01-31 14:10:30.415055,NY,82445,680,6,30,29246,LLC,0,1
850,1850,2024-06-15 14:10:30.419019,TX,75536,560,2,24,11500,LLC,1,0
221,1221,2024-09-04 14:10:30.413134,TX,152216,740,8,11,35124,LLC,1,0
861,1861,2024-02-06 14:10:30.419099,TX,94940,650,5,6,16335,Sole Prop,2,0
994,1994,2024-02-29 14:10:30.420245,CA,15964,770,9,24,13887,C Corp,2,1
906,1906,2024-08-17 14:10:30.419387,TX,179589,590,3,16,18164,C Corp,2,0
39,1039,2024-08-10 14:10:30.411686,NY,55224,590,3,18,8359,LLC,2,0
686,1686,2024-09-10 14:10:30.416604,TX,35353,680,6,15,6725,LLC,2,0
814,1814,2024-08-10 14:10:30.418260,NY,58044,740,8,28,24774,C Corp,1,1
139,1139,2024-06-08 14:10:30.412538,CA,190324,620,4,23,19367,LLC,2,0
87,1087,2023-10-14 14:10:30.412161,TX,126778,500,0,18,21915,LLC,0,0
910,1910,2024-07-11 14:10:30.419413,CA,158274,530,1,13,14842,LLC,0,0
428,1428,2023-11-17 14:10:30.414703,NY,22817,560,2,1,24006,C Corp,0,1
659,1659,2023-10-06 14:10:30.416387,TX,83326,590,3,5,25294,LLC,1,0
753,1753,2024-01-12 14:10:30.417711,NY,137419,560,2,14,13403,C Corp,1,0
651,1651,2023-12-17 14:10:30.416328,NY,63025,800,10,8,12589,LLC,1,0
118,1118,2024-04-21 14:10:30.412374,NY,132808,590,3,12,9637,Sole Prop,2,0
514,1514,2024-04-04 14:10:30.415322,NY,145096,680,6,7,10138,LLC,2,0
581,1581,2024-02-29 14:10:30.415833,NY,97784,590,3,30,38356,Sole Prop,0,0
559,1559,2023-12-30 14:10:30.415678,NY,44470,500,0,30,16037,LLC,2,1
977,1977,2024-05-26 14:10:30.420138,CA,12724,740,8,9,31278,LLC,0,1
609,1609,2024-03-07 14:10:30.416037,CA,104277,650,5,18,4809,LLC,2,0
440,1440,2024-08-27 14:10:30.414785,TX,78498,740,8,19,17908,LLC,1,0
18,1018,2024-02-28 14:10:30.411447,TX,109700,650,5,8,22966,C Corp,0,0
153,1153,2024-06-30 14:10:30.412643,TX,99838,770,9,25,19067,C Corp,2,0
632,1632,2024-08-21 14:10:30.416193,CA,150847,680,6,18,17019,Sole Prop,2,0
138,1138,2024-03-09 14:10:30.412533,CA,185714,770,9,16,23533,LLC,2,0
479,1479,2024-01-31 14:10:30.415067,CA,129823,530,1,15,17283,C Corp,1,0
964,1964,2024-08-08 14:10:30.420053,TX,19296,590,3,20,25986,Sole Prop,0,0
119,1119,2023-12-04 14:10:30.412380,TX,77422,740,8,1,1844,LLC,1,0
734,1734,2024-07-29 14:10:30.417443,TX,175416,560,2,17,32637,C Corp,1,0
338,1338,2023-11-05 14:10:30.414016,TX,128361,620,4,18,12079,LLC,0,0
826,1826,2024-03-07 14:10:30.418336,TX,151161,710,7,6,8403,C Corp,2,0
178,1178,2024-08-28 14:10:30.412840,CA,95587,770,9,10,11862,Sole Prop,1,0
416,1416,2024-04-17 14:10:30.414615,CA,9019,590,3,30,37419,C Corp,0,1
970,1970,2024-09-30 14:10:30.420089,NY,106880,800,10,9,3391,C Corp,1,0
787,1787,2024-01-03 14:10:30.418065,NY,74005,800,10,3,8314,LLC,1,0
865,1865,2024-07-22 14:10:30.419123,TX,44203,710,7,26,24827,LLC,0,1
923,1923,2024-01-03 14:10:30.419592,CA,54773,740,8,22,14958,C Corp,2,0
290,1290,2023-11-14 14:10:30.413671,CA,102858,620,4,24,34049,Sole Prop,0,0
263,1263,2023-11-04 14:10:30.413448,TX,178574,680,6,5,7821,C Corp,1,0
624,1624,2024-09-03 14:10:30.416133,NY,187575,800,10,4,41437,C Corp,0,0
171,1171,2023-10-20 14:10:30.412789,CA,64634,530,1,14,32930,C Corp,0,1
937,1937,2024-07-04 14:10:30.419877,TX,110265,740,8,11,39871,LLC,1,1
897,1897,2024-05-20 14:10:30.419331,CA,54283,530,1,6,23626,Sole Prop,0,0
625,1625,2024-04-11 14:10:30.416140,TX,113524,770,9,8,6963,LLC,1,0
675,1675,2024-02-28 14:10:30.416517,CA,117466,710,7,13,30557,LLC,0,0
357,1357,2024-04-12 14:10:30.414157,TX,97874,800,10,25,41093,C Corp,1,1
391,1391,2024-04-30 14:10:30.414409,TX,10706,680,6,9,30976,C Corp,0,1
288,1288,2023-10-28 14:10:30.413655,NY,142228,650,5,3,25156,C Corp,1,0
961,1961,2024-04-23 14:10:30.420035,CA,160681,800,10,1,16068,LLC,2,0
515,1515,2024-01-25 14:10:30.415328,CA,89637,620,4,11,22370,C Corp,1,0
690,1690,2024-08-12 14:10:30.416631,TX,193420,770,9,4,9372,LLC,2,0
145,1145,2023-12-03 14:10:30.412581,NY,118253,650,5,20,10426,LLC,2,0
256,1256,2024-02-04 14:10:30.413398,TX,44547,500,0,15,31864,Sole Prop,0,1
464,1464,2024-04-21 14:10:30.414960,CA,78479,680,6,12,25132,C Corp,0,0
339,1339,2024-02-27 14:10:30.414024,NY,74329,650,5,25,12766,Sole Prop,2,0
660,1660,2024-09-05 14:10:30.416397,TX,110931,800,10,11,30572,LLC,1,0
975,1975,2024-03-17 14:10:30.420125,TX,46157,500,0,12,17294,Sole Prop,1,0
536,1536,2024-03-20 14:10:30.415509,TX,115326,650,5,18,32295,LLC,1,0
520,1520,2024-03-28 14:10:30.415368,TX,175108,560,2,2,14065,C Corp,2,0
406,1406,2024-01-12 14:10:30.414545,NY,113412,620,4,9,28422,C Corp,0,0
459,1459,2024-05-31 14:10:30.414921,TX,168848,710,7,20,19612,LLC,1,0
10,1010,2024-06-07 14:10:30.410773,NY,104647,620,4,15,9170,Sole Prop,1,0
900,1900,2024-05-13 14:10:30.419350,CA,37778,710,7,24,26266,LLC,0,1
883,1883,2024-03-19 14:10:30.419237,CA,65124,590,3,24,14752,Sole Prop,2,0
402,1402,2024-02-19 14:10:30.414514,TX,181166,500,0,8,14048,LLC,1,0
844,1844,2024-05-26 14:10:30.418832,TX,155704,620,4,23,18407,Sole Prop,2,0
631,1631,2024-07-21 14:10:30.416185,TX,72603,650,5,30,15586,LLC,1,0
180,1180,2024-06-05 14:10:30.412855,CA,154926,650,5,19,10896,C Corp,2,0
589,1589,2024-05-31 14:10:30.415888,TX,68216,620,4,18,41530,LLC,1,1
210,1210,2024-02-16 14:10:30.413061,TX,63077,770,9,2,15846,C Corp,1,0
932,1932,2024-05-02 14:10:30.419656,NY,61596,740,8,4,33431,C Corp,0,1
565,1565,2024-08-17 14:10:30.415719,TX,39999,800,10,27,9989,LLC,2,0
2,1002,2024-08-13 14:10:30.410298,TX,199161,740,8,3,36599,Sole Prop,1,0
201,1201,2023-10-19 14:10:30.412997,CA,147728,800,10,12,28627,Sole Prop,0,0
452,1452,2024-07-29 14:10:30.414873,NY,54123,680,6,15,35203,C Corp,1,1
237,1237,2024-07-26 14:10:30.413250,CA,80876,650,5,4,25146,Sole Prop,0,0
218,1218,2024-08-17 14:10:30.413116,CA,116873,650,5,22,20287,Sole Prop,2,0
542,1542,2023-11-15 14:10:30.415553,TX,183534,800,10,3,13192,C Corp,2,0
518,1518,2024-02-22 14:10:30.415351,CA,5177,680,6,7,12123,LLC,1,1
81,1081,2024-06-17 14:10:30.412121,TX,129042,560,2,22,40424,Sole Prop,0,0
157,1157,2024-08-07 14:10:30.412672,CA,35793,800,10,27,13925,Sole Prop,0,1
13,1013,2024-07-13 14:10:30.410804,CA,104471,620,4,30,21597,C Corp,1,0
549,1549,2024-08-26 14:10:30.415608,CA,124327,740,8,12,30485,Sole Prop,0,0
102,1102,2024-05-24 14:10:30.412268,CA,90813,590,3,15,21368,Sole Prop,2,0
902,1902,2024-01-23 14:10:30.419361,CA,126552,500,0,11,37959,LLC,0,0
742,1742,2023-11-08 14:10:30.417521,TX,106944,590,3,17,19859,Sole Prop,1,0
612,1612,2024-04-12 14:10:30.416055,NY,103424,560,2,24,26484,C Corp,0,0
849,1849,2024-03-14 14:10:30.419012,TX,94651,530,1,18,30961,Sole Prop,0,0
678,1678,2024-06-11 14:10:30.416543,TX,95269,620,4,5,24119,Sole Prop,0,0
217,1217,2024-06-10 14:10:30.413109,CA,93848,710,7,13,10955,C Corp,2,0
487,1487,2024-07-01 14:10:30.415127,CA,90454,590,3,15,28929,Sole Prop,0,0
622,1622,2024-03-20 14:10:30.416121,NY,102260,680,6,12,32869,Sole Prop,0,0
356,1356,2024-02-03 14:10:30.414151,TX,103782,650,5,6,12833,C Corp,2,0
806,1806,2023-12-07 14:10:30.418207,NY,174675,680,6,1,29946,LLC,0,0
781,1781,2023-11-04 14:10:30.418025,NY,31226,620,4,20,35102,LLC,0,1
84,1084,2024-02-04 14:10:30.412140,TX,24091,710,7,14,12464,C Corp,1,1
947,1947,2024-06-15 14:10:30.419944,TX,25237,650,5,26,18243,LLC,2,1
135,1135,2023-12-08 14:10:30.412512,CA,85053,770,9,20,20094,C Corp,0,0
485,1485,2024-06-25 14:10:30.415114,CA,160242,680,6,13,24697,C Corp,0,0
101,1101,2023-10-31 14:10:30.412261,NY,27006,800,10,14,26321,Sole Prop,0,0
689,1689,2024-01-12 14:10:30.416624,CA,168262,770,9,23,27392,Sole Prop,0,0
420,1420,2024-02-07 14:10:30.414645,CA,58248,650,5,11,14631,LLC,2,0
554,1554,2024-04-24 14:10:30.415642,CA,25417,770,9,12,32373,C Corp,0,1
113,1113,2023-11-08 14:10:30.412340,CA,8316,680,6,27,16287,LLC,2,1
214,1214,2023-12-10 14:10:30.413089,TX,191686,650,5,13,28503,C Corp,1,0
649,1649,2024-02-05 14:10:30.416314,TX,149528,650,5,12,34134,Sole Prop,0,0
75,1075,2023-10-27 14:10:30.412080,NY,100478,680,6,3,38548,Sole Prop,1,0
563,1563,2024-07-24 14:10:30.415707,TX,78354,530,1,2,22382,C Corp,0,0
957,1957,2024-07-30 14:10:30.420010,NY,131070,740,8,7,8200,Sole Prop,2,0
460,1460,2024-02-13 14:10:30.414929,NY,40517,620,4,1,19430,Sole Prop,2,0
444,1444,2023-10-18 14:10:30.414815,TX,25559,740,8,24,15574,LLC,2,1
403,1403,2024-03-13 14:10:30.414523,CA,66430,740,8,7,51898,LLC,0,1
662,1662,2024-09-16 14:10:30.416413,TX,190616,770,9,27,37257,Sole Prop,0,0
40,1040,2024-03-02 14:10:30.411692,NY,78018,710,7,8,31968,Sole Prop,0,0
904,1904,2024-06-28 14:10:30.419372,CA,105028,500,0,4,7694,LLC,1,0
295,1295,2024-06-24 14:10:30.413705,NY,87731,620,4,17,15630,C Corp,2,0
254,1254,2023-12-05 14:10:30.413383,TX,105789,710,7,19,31871,C Corp,1,0
676,1676,2024-01-05 14:10:30.416526,NY,196537,650,5,1,20470,C Corp,2,0
392,1392,2024-06-15 14:10:30.414415,TX,24144,500,0,14,11134,C Corp,2,1
457,1457,2024-05-20 14:10:30.414908,CA,75361,710,7,5,40584,LLC,0,1
726,1726,2024-07-28 14:10:30.417388,CA,6137,740,8,24,34853,C Corp,0,1
307,1307,2024-08-26 14:10:30.413793,TX,41095,740,8,12,16037,Sole Prop,2,0
584,1584,2024-05-14 14:10:30.415851,CA,40975,680,6,7,23578,C Corp,1,1
603,1603,2024-07-03 14:10:30.415997,TX,88418,770,9,8,26153,C Corp,1,0
809,1809,2024-01-14 14:10:30.418226,CA,162117,770,9,21,41492,C Corp,0,0
238,1238,2024-07-07 14:10:30.413256,NY,104669,740,8,23,30818,C Corp,0,0
873,1873,2024-02-19 14:10:30.419175,NY,104895,770,9,10,12899,C Corp,2,0
692,1692,2024-06-23 14:10:30.416643,CA,189401,680,6,10,29933,LLC,0,0
820,1820,2023-10-14 14:10:30.418296,TX,30615,680,6,5,19862,Sole Prop,2,0
60,1060,2024-04-17 14:10:30.411967,NY,172015,620,4,6,43155,Sole Prop,1,0
796,1796,2024-09-02 14:10:30.418131,CA,101845,590,3,2,28320,LLC,1,0
104,1104,2024-01-02 14:10:30.412280,NY,96740,590,3,21,3448,C Corp,0,0
424,1424,2023-10-20 14:10:30.414675,CA,72456,710,7,24,19044,C Corp,1,0
546,1546,2024-01-24 14:10:30.415581,CA,142102,740,8,26,9328,Sole Prop,1,0
893,1893,2024-03-27 14:10:30.419305,NY,112934,740,8,14,11811,LLC,2,0
475,1475,2023-12-12 14:10:30.415042,TX,155794,590,3,15,14554,Sole Prop,2,0
700,1700,2024-05-20 14:10:30.416700,TX,29366,650,5,27,9467,LLC,2,0
677,1677,2024-06-29 14:10:30.416532,NY,182405,500,0,21,29563,LLC,1,0
602,1602,2024-10-04 14:10:30.415989,TX,155165,680,6,28,33259,LLC,1,0
765,1765,2024-08-21 14:10:30.417802,NY,19226,560,2,26,18361,C Corp,2,1
967,1967,2024-01-31 14:10:30.420070,TX,196345,560,2,23,31631,C Corp,1,0
244,1244,2024-03-13 14:10:30.413308,TX,25616,680,6,28,20444,C Corp,2,1
768,1768,2024-10-01 14:10:30.417909,TX,193818,770,9,3,41746,C Corp,1,0
585,1585,2024-05-30 14:10:30.415860,TX,147516,500,0,13,20592,Sole Prop,1,0
503,1503,2024-08-21 14:10:30.415238,CA,35772,590,3,7,18523,C Corp,1,1
948,1948,2024-01-29 14:10:30.419950,TX,189247,770,9,27,26296,C Corp,0,0
638,1638,2024-03-13 14:10:30.416242,NY,108754,650,5,23,21439,LLC,0,0
858,1858,2024-02-13 14:10:30.419079,NY,188040,740,8,15,5351,C Corp,2,0
857,1857,2024-09-18 14:10:30.419071,TX,96039,680,6,28,39536,LLC,1,1
333,1333,2024-02-17 14:10:30.413983,NY,41930,530,1,2,16620,Sole Prop,2,0
885,1885,2024-04-21 14:10:30.419253,CA,127471,740,8,30,18374,C Corp,2,0
281,1281,2024-02-06 14:10:30.413597,TX,41383,710,7,15,21692,LLC,1,1
652,1652,2024-05-20 14:10:30.416337,TX,112349,740,8,1,17284,LLC,1,0
680,1680,2023-12-04 14:10:30.416556,TX,93561,680,6,29,16759,LLC,1,0
224,1224,2024-06-18 14:10:30.413158,NY,177159,710,7,8,40661,Sole Prop,0,0
772,1772,2024-03-18 14:10:30.417953,TX,82326,800,10,5,6852,C Corp,2,0
216,1216,2024-08-07 14:10:30.413103,TX,175633,740,8,24,32309,Sole Prop,0,0
97,1097,2024-04-07 14:10:30.412234,CA,107232,680,6,18,40372,C Corp,1,1
336,1336,2024-01-24 14:10:30.414004,NY,28605,680,6,17,24561,LLC,2,1
927,1927,2023-12-17 14:10:30.419616,TX,106868,800,10,16,42560,C Corp,1,1
382,1382,2024-04-28 14:10:30.414342,TX,35779,800,10,30,7771,Sole Prop,2,0
557,1557,2024-02-14 14:10:30.415663,NY,101709,590,3,10,8544,Sole Prop,1,0
115,1115,2024-01-11 14:10:30.412352,TX,75800,770,9,26,48122,Sole Prop,1,0
193,1193,2024-06-07 14:10:30.412941,CA,11560,770,9,29,39740,Sole Prop,1,1
257,1257,2024-08-22 14:10:30.413405,TX,174378,560,2,2,23382,C Corp,0,0
995,1995,2024-04-27 14:10:30.420251,CA,165302,770,9,20,47180,C Corp,1,0
504,1504,2023-10-18 14:10:30.415246,CA,191319,770,9,21,26870,LLC,2,0
3,1003,2024-08-18 14:10:30.410705,NY,65990,740,8,20,28617,C Corp,0,1
634,1634,2024-03-06 14:10:30.416206,NY,43849,770,9,19,1676,LLC,1,0
655,1655,2024-02-12 14:10:30.416358,CA,62202,710,7,10,23100,C Corp,1,1
110,1110,2024-06-25 14:10:30.412319,NY,160214,800,10,8,32149,C Corp,0,0
325,1325,2024-07-09 14:10:30.413929,TX,168703,770,9,11,42920,LLC,1,0
187,1187,2024-07-07 14:10:30.412898,NY,39644,740,8,29,10552,C Corp,2,0
940,1940,2023-12-21 14:10:30.419898,TX,61079,680,6,25,35418,C Corp,1,1
993,1993,2024-07-06 14:10:30.420239,CA,166758,710,7,23,21552,Sole Prop,2,0
179,1179,2024-02-14 14:10:30.412848,CA,57223,680,6,28,20792,LLC,2,1
763,1763,2024-01-03 14:10:30.417789,TX,199347,680,6,21,43460,C Corp,0,0
600,1600,2023-12-22 14:10:30.415974,TX,165880,650,5,8,8182,C Corp,1,0
309,1309,2024-08-05 14:10:30.413807,CA,73233,710,7,7,42243,Sole Prop,1,0
414,1414,2024-09-08 14:10:30.414601,CA,103872,800,10,20,34236,LLC,1,0
141,1141,2024-03-01 14:10:30.412553,NY,147753,590,3,21,14493,Sole Prop,0,0
741,1741,2023-11-24 14:10:30.417515,TX,198853,740,8,28,32527,C Corp,0,0
887,1887,2024-02-14 14:10:30.419266,TX,171684,770,9,14,49558,C Corp,1,0
708,1708,2023-10-28 14:10:30.417099,CA,141078,740,8,23,9534,C Corp,1,0
353,1353,2024-09-25 14:10:30.414126,CA,87232,680,6,5,10888,C Corp,2,0
98,1098,2023-12-30 14:10:30.412242,TX,62812,710,7,8,13453,Sole Prop,2,0
259,1259,2024-05-13 14:10:30.413417,CA,112156,650,5,22,21948,LLC,1,0
592,1592,2023-10-10 14:10:30.415913,TX,97191,770,9,19,30893,C Corp,0,0
656,1656,2023-11-20 14:10:30.416366,CA,158219,530,1,1,47364,C Corp,1,0
890,1890,2024-05-02 14:10:30.419288,NY,5024,740,8,27,34924,Sole Prop,0,0
188,1188,2024-01-22 14:10:30.412905,CA,48134,620,4,30,10920,Sole Prop,2,0
575,1575,2024-05-30 14:10:30.415796,NY,126121,530,1,26,23481,LLC,0,0
550,1550,2024-07-11 14:10:30.415615,CA,46237,620,4,25,21690,C Corp,0,1
398,1398,2024-10-03 14:10:30.414459,NY,83214,710,7,22,29215,C Corp,1,1
82,1082,2023-11-15 14:10:30.412128,TX,92867,530,1,27,39035,C Corp,0,1
687,1687,2023-12-29 14:10:30.416610,CA,129360,560,2,7,36875,C Corp,1,0
544,1544,2023-11-26 14:10:30.415566,TX,19425,620,4,22,7642,C Corp,1,1
375,1375,2024-07-01 14:10:30.414288,NY,198099,650,5,26,14977,C Corp,2,0
697,1697,2024-08-14 14:10:30.416678,NY,15340,620,4,12,31613,Sole Prop,1,0
670,1670,2024-08-04 14:10:30.416469,TX,105052,740,8,10,15919,LLC,2,0
729,1729,2023-12-02 14:10:30.417409,TX,89369,740,8,29,15149,Sole Prop,2,0
493,1493,2024-07-26 14:10:30.415166,TX,105587,680,6,6,15210,C Corp,2,0
760,1760,2024-05-06 14:10:30.417764,TX,55465,650,5,17,39718,LLC,0,1
26,1026,2024-01-07 14:10:30.411540,NY,162009,650,5,16,23997,LLC,0,0
369,1369,2023-11-09 14:10:30.414244,NY,28451,800,10,19,33109,C Corp,0,1
755,1755,2024-04-18 14:10:30.417726,CA,99580,620,4,7,31207,C Corp,1,0
693,1693,2023-12-29 14:10:30.416649,CA,59445,710,7,11,16808,LLC,0,0
89,1089,2024-04-25 14:10:30.412176,CA,165603,740,8,14,40406,Sole Prop,1,0
516,1516,2024-07-30 14:10:30.415336,TX,132228,650,5,29,26630,LLC,1,0
43,1043,2024-07-12 14:10:30.411713,CA,5565,680,6,9,14421,Sole Prop,2,0
66,1066,2024-07-05 14:10:30.412016,TX,92080,680,6,26,16259,C Corp,1,0
194,1194,2024-06-13 14:10:30.412949,TX,21571,800,10,27,28672,C Corp,2,1
397,1397,2024-07-05 14:10:30.414451,TX,108037,740,8,5,31377,LLC,1,0
496,1496,2024-01-30 14:10:30.415184,NY,56151,680,6,18,4087,C Corp,1,0
495,1495,2024-07-01 14:10:30.415178,CA,123227,770,9,2,21023,LLC,2,0
636,1636,2024-05-22 14:10:30.416225,CA,176648,710,7,19,38122,Sole Prop,1,0
405,1405,2023-10-26 14:10:30.414538,CA,67102,620,4,29,21917,C Corp,0,0
712,1712,2024-08-27 14:10:30.417286,CA,89052,590,3,11,21942,LLC,2,0
465,1465,2024-06-24 14:10:30.414967,TX,148033,560,2,22,31104,LLC,1,0
543,1543,2024-02-24 14:10:30.415560,TX,67557,500,0,8,27615,Sole Prop,0,0
685,1685,2024-09-10 14:10:30.416596,TX,17572,800,10,4,17347,LLC,1,1
810,1810,2023-11-01 14:10:30.418231,CA,27478,590,3,15,5329,Sole Prop,1,0
499,1499,2024-05-10 14:10:30.415210,NY,124884,770,9,24,11898,C Corp,2,0
47,1047,2024-08-24 14:10:30.411741,NY,22962,770,9,3,17837,LLC,1,1
615,1615,2024-09-07 14:10:30.416073,NY,91794,590,3,7,16634,C Corp,2,0
192,1192,2023-10-26 14:10:30.412932,CA,158238,680,6,27,31556,Sole Prop,1,0
913,1913,2023-11-23 14:10:30.419432,CA,168874,500,0,2,17919,C Corp,2,0
344,1344,2024-09-14 14:10:30.414061,NY,15201,560,2,23,11504,Sole Prop,2,0
797,1797,2024-01-13 14:10:30.418139,CA,106736,710,7,30,20268,LLC,2,0
190,1190,2023-10-25 14:10:30.412918,CA,151096,650,5,3,16705,LLC,2,0
867,1867,2024-04-26 14:10:30.419136,CA,83652,620,4,18,31375,LLC,1,1
100,1100,2024-07-12 14:10:30.412255,CA,38456,770,9,18,27433,Sole Prop,0,0
736,1736,2024-02-02 14:10:30.417457,TX,154589,800,10,23,13246,C Corp,2,0
626,1626,2024-03-20 14:10:30.416149,TX,114741,740,8,22,17546,C Corp,2,0
898,1898,2024-02-14 14:10:30.419337,TX,123690,620,4,23,2892,Sole Prop,1,0
88,1088,2024-02-14 14:10:30.412168,NY,126803,800,10,17,46484,C Corp,1,1
727,1727,2024-02-26 14:10:30.417397,TX,131597,740,8,25,22273,C Corp,0,0
719,1719,2024-02-05 14:10:30.417340,TX,177272,650,5,23,13142,LLC,2,0
52,1052,2024-08-28 14:10:30.411837,NY,125136,770,9,19,26149,LLC,0,0
8,1008,2024-05-07 14:10:30.410754,TX,167141,650,5,19,24191,C Corp,0,0
321,1321,2024-07-18 14:10:30.413898,CA,48163,560,2,11,38820,LLC,1,1
846,1846,2024-02-01 14:10:30.418936,NY,72585,530,1,13,42227,LLC,1,1
4,1004,2024-06-25 14:10:30.410719,TX,175363,740,8,14,18881,Sole Prop,0,0
286,1286,2023-11-16 14:10:30.413639,TX,155745,590,3,23,15698,Sole Prop,0,0
718,1718,2024-06-12 14:10:30.417325,CA,92024,740,8,25,43089,C Corp,1,1
242,1242,2024-03-11 14:10:30.413293,NY,90136,560,2,26,29541,Sole Prop,1,0
433,1433,2024-08-16 14:10:30.414738,TX,44032,590,3,7,38449,C Corp,1,1
591,1591,2024-06-05 14:10:30.415903,TX,88362,650,5,30,9061,LLC,1,0
112,1112,2024-04-10 14:10:30.412334,TX,117296,800,10,12,9776,C Corp,0,0
750,1750,2024-07-17 14:10:30.417686,NY,45292,650,5,20,40490,C Corp,0,1
767,1767,2024-02-26 14:10:30.417814,CA,9427,680,6,22,25818,C Corp,0,1
161,1161,2024-05-13 14:10:30.412702,TX,83264,770,9,19,45020,Sole Prop,1,0
376,1376,2023-10-25 14:10:30.414294,NY,51004,770,9,28,23433,Sole Prop,1,0
780,1780,2024-05-29 14:10:30.418018,NY,56751,770,9,16,9981,Sole Prop,2,0
94,1094,2023-10-09 14:10:30.412215,NY,21837,680,6,14,16572,C Corp,2,1
83,1083,2024-04-29 14:10:30.412134,NY,57200,560,2,1,30190,LLC,0,1
371,1371,2024-07-01 14:10:30.414260,TX,80882,500,0,1,19288,C Corp,2,0
769,1769,2024-09-11 14:10:30.417931,TX,24028,650,5,30,49220,LLC,1,1
762,1762,2023-10-27 14:10:30.417778,TX,60882,800,10,14,26642,LLC,0,1
963,1963,2024-06-07 14:10:30.420046,NY,184662,650,5,5,27063,LLC,1,0
292,1292,2024-04-17 14:10:30.413683,NY,16622,650,5,18,13987,C Corp,2,1
195,1195,2024-05-03 14:10:30.412956,TX,112032,530,1,5,30937,LLC,0,0
989,1989,2024-09-21 14:10:30.420214,CA,25834,710,7,5,8181,C Corp,1,0
785,1785,2024-04-18 14:10:30.418053,CA,126332,710,7,12,11875,Sole Prop,2,0
213,1213,2024-08-24 14:10:30.413082,CA,164461,560,2,3,31731,Sole Prop,0,0
124,1124,2023-12-28 14:10:30.412418,CA,97225,710,7,9,16507,Sole Prop,2,0
168,1168,2024-08-27 14:10:30.412764,CA,74474,650,5,20,8081,Sole Prop,1,0
758,1758,2024-08-07 14:10:30.417751,CA,72263,740,8,24,6232,LLC,2,0
691,1691,2024-08-11 14:10:30.416636,CA,57074,770,9,7,14254,C Corp,2,0
185,1185,2024-08-16 14:10:30.412886,TX,174434,500,0,10,13773,LLC,2,0
960,1960,2024-08-08 14:10:30.420029,TX,113418,680,6,12,22475,LLC,2,0
90,1090,2024-02-04 14:10:30.412185,CA,72945,590,3,27,31670,Sole Prop,1,0
572,1572,2023-12-01 14:10:30.415770,NY,61366,650,5,5,37977,C Corp,0,1
134,1134,2023-12-04 14:10:30.412505,TX,64162,740,8,13,25952,Sole Prop,2,0
924,1924,2024-07-18 14:10:30.419597,TX,79220,650,5,14,11009,Sole Prop,1,0
949,1949,2023-11-11 14:10:30.419956,CA,14796,770,9,13,21664,LLC,0,1
764,1764,2023-10-19 14:10:30.417796,NY,11226,710,7,23,25776,LLC,2,1
167,1167,2024-02-14 14:10:30.412746,NY,194384,560,2,14,4206,LLC,1,0
574,1574,2024-07-07 14:10:30.415787,NY,111008,710,7,18,24057,C Corp,1,0
595,1595,2024-02-03 14:10:30.415933,NY,91962,770,9,7,41677,Sole Prop,0,0
174,1174,2024-01-07 14:10:30.412808,CA,153354,800,10,26,34738,LLC,0,0
447,1447,2024-04-05 14:10:30.414839,TX,103415,680,6,6,27595,C Corp,1,0
149,1149,2024-02-07 14:10:30.412610,CA,112046,650,5,11,5673,LLC,1,0
466,1466,2024-02-11 14:10:30.414975,TX,59958,710,7,26,21672,C Corp,2,1
596,1596,2024-04-22 14:10:30.415939,NY,10744,560,2,19,6988,LLC,1,1
875,1875,2023-12-17 14:10:30.419189,CA,23702,530,1,6,13591,LLC,2,1
401,1401,2024-09-26 14:10:30.414504,NY,59023,530,1,4,2272,LLC,1,0
665,1665,2024-07-04 14:10:30.416433,CA,30586,710,7,5,7626,Sole Prop,1,0
425,1425,2024-01-27 14:10:30.414683,CA,49101,650,5,6,28854,C Corp,0,1
567,1567,2024-05-08 14:10:30.415731,CA,87577,680,6,23,12120,Sole Prop,1,0
186,1186,2023-12-13 14:10:30.412892,CA,196983,560,2,3,11231,Sole Prop,2,0
951,1951,2023-11-05 14:10:30.419968,TX,7997,800,10,25,40898,Sole Prop,1,0
154,1154,2024-02-21 14:10:30.412649,NY,58361,620,4,18,17691,Sole Prop,0,0
352,1352,2023-10-22 14:10:30.414120,NY,13276,770,9,23,24362,LLC,0,1
349,1349,2023-10-18 14:10:30.414101,TX,11985,770,9,16,10872,C Corp,2,1
529,1529,2024-08-21 14:10:30.415431,NY,41703,530,1,19,26855,Sole Prop,1,0
239,1239,2023-12-23 14:10:30.413262,TX,97842,530,1,13,23279,LLC,1,0
488,1488,2024-01-28 14:10:30.415133,TX,172538,650,5,20,9823,C Corp,2,0
791,1791,2023-12-08 14:10:30.418095,TX,81283,560,2,15,12267,C Corp,1,0
856,1856,2023-12-14 14:10:30.419065,NY,19194,740,8,26,17062,Sole Prop,2,1
808,1808,2024-09-14 14:10:30.418220,TX,43499,500,0,6,11706,LLC,2,0
387,1387,2024-09-03 14:10:30.414380,TX,137510,590,3,19,607,LLC,1,0
346,1346,2023-11-24 14:10:30.414078,TX,83442,770,9,11,22076,C Corp,1,0
566,1566,2023-12-06 14:10:30.415725,TX,21327,680,6,22,32797,LLC,0,1
279,1279,2024-06-06 14:10:30.413584,CA,26392,650,5,8,20674,Sole Prop,0,1
312,1312,2024-04-10 14:10:30.413830,TX,22023,740,8,18,19760,Sole Prop,2,0
933,1933,2024-06-08 14:10:30.419662,TX,106012,590,3,7,33900,C Corp,1,0
996,1996,2023-11-11 14:10:30.420258,TX,15095,740,8,4,9265,Sole Prop,2,0
311,1311,2023-10-05 14:10:30.413824,CA,28013,800,10,28,13222,C Corp,2,1
732,1732,2024-04-27 14:10:30.417430,TX,198152,740,8,21,22716,LLC,0,0
943,1943,2024-06-13 14:10:30.419918,NY,87550,500,0,25,34007,Sole Prop,1,1
364,1364,2024-01-03 14:10:30.414207,CA,152329,620,4,5,25226,C Corp,0,0
252,1252,2024-09-06 14:10:30.413371,CA,137995,530,1,10,26945,Sole Prop,2,0
777,1777,2024-07-14 14:10:30.417993,NY,62878,770,9,27,16280,LLC,2,0
811,1811,2024-07-09 14:10:30.418240,NY,112680,770,9,5,3756,LLC,1,0
743,1743,2024-09-10 14:10:30.417530,CA,106595,680,6,26,33404,Sole Prop,1,0
701,1701,2024-08-07 14:10:30.416706,CA,109923,710,7,9,27866,C Corp,2,0
222,1222,2024-03-08 14:10:30.413142,CA,179415,680,6,28,17974,LLC,1,0
404,1404,2024-01-21 14:10:30.414530,CA,66384,770,9,11,13869,C Corp,1,0
481,1481,2024-09-23 14:10:30.415084,CA,174861,530,1,22,34876,C Corp,0,0
928,1928,2023-10-11 14:10:30.419624,TX,72092,500,0,12,-4808,C Corp,0,0
997,1997,2024-09-13 14:10:30.420264,NY,140974,740,8,13,20986,LLC,1,0
899,1899,2024-09-25 14:10:30.419344,NY,18010,740,8,1,41890,LLC,0,1
253,1253,2024-03-30 14:10:30.413377,CA,25114,800,10,28,48434,C Corp,0,1
78,1078,2024-03-03 14:10:30.412102,TX,104390,800,10,24,26013,C Corp,0,0
111,1111,2024-05-03 14:10:30.412325,TX,162394,530,1,26,35150,LLC,1,0
366,1366,2023-11-13 14:10:30.414223,NY,18760,530,1,14,11678,C Corp,2,1
864,1864,2024-05-19 14:10:30.419117,NY,150579,680,6,28,20327,LLC,2,0
740,1740,2024-05-06 14:10:30.417508,NY,146865,500,0,12,16173,LLC,2,0
703,1703,2024-09-04 14:10:30.416720,NY,32187,680,6,30,3353,Sole Prop,1,0
170,1170,2024-01-29 14:10:30.412782,TX,14410,770,9,3,42170,C Corp,0,1
580,1580,2024-02-26 14:10:30.415827,TX,108546,710,7,1,12115,C Corp,2,0
492,1492,2024-03-27 14:10:30.415160,TX,42056,740,8,13,14490,C Corp,2,1
801,1801,2024-01-14 14:10:30.418169,CA,103652,590,3,17,10708,Sole Prop,2,0
706,1706,2024-03-08 14:10:30.417076,CA,17051,530,1,9,44902,Sole Prop,1,0
587,1587,2024-04-24 14:10:30.415875,TX,62414,500,0,29,17885,LLC,2,0
642,1642,2024-08-20 14:10:30.416269,NY,120793,590,3,30,21434,C Corp,2,0
396,1396,2023-11-01 14:10:30.414444,TX,39862,800,10,28,12840,LLC,2,0
795,1795,2024-01-31 14:10:30.418124,CA,15595,590,3,25,10120,LLC,2,1
746,1746,2023-12-01 14:10:30.417595,NY,195031,590,3,10,6651,LLC,2,0
617,1617,2024-08-16 14:10:30.416088,NY,107996,770,9,18,13904,LLC,2,0
793,1793,2023-11-25 14:10:30.418111,TX,48474,740,8,5,10383,LLC,2,0
519,1519,2023-11-07 14:10:30.415360,CA,46674,620,4,3,13462,Sole Prop,1,0
130,1130,2024-09-28 14:10:30.412461,TX,79537,710,7,16,10453,Sole Prop,2,0
358,1358,2023-11-10 14:10:30.414166,TX,74300,770,9,16,32038,LLC,0,1
361,1361,2024-05-17 14:10:30.414184,CA,36948,770,9,22,4241,Sole Prop,1,0
99,1099,2024-03-19 14:10:30.412249,CA,180341,800,10,26,18365,C Corp,2,0
348,1348,2024-03-30 14:10:30.414093,CA,181634,530,1,14,44385,Sole Prop,1,0
294,1294,2024-09-02 14:10:30.413699,TX,124977,500,0,10,36471,LLC,0,0
429,1429,2024-02-14 14:10:30.414709,CA,20846,770,9,21,2818,C Corp,1,0
234,1234,2024-03-06 14:10:30.413228,CA,61510,740,8,4,9237,Sole Prop,2,0
761,1761,2024-07-11 14:10:30.417771,TX,144776,500,0,21,29690,LLC,0,0
881,1881,2024-02-05 14:10:30.419226,TX,19110,500,0,25,19921,C Corp,2,1
70,1070,2024-01-18 14:10:30.412044,CA,183131,740,8,11,40035,LLC,0,0
731,1731,2024-07-26 14:10:30.417422,CA,162948,740,8,10,33594,C Corp,1,0
181,1181,2024-05-06 14:10:30.412861,NY,177550,680,6,9,39633,C Corp,0,0
663,1663,2024-06-13 14:10:30.416419,TX,145151,800,10,26,17405,C Corp,2,0
362,1362,2024-03-16 14:10:30.414193,CA,43397,620,4,2,20771,C Corp,2,1
905,1905,2024-03-21 14:10:30.419380,CA,69792,500,0,7,12238,C Corp,2,0
879,1879,2024-08-01 14:10:30.419211,TX,66506,800,10,9,33982,C Corp,1,1
551,1551,2023-10-25 14:10:30.415621,TX,35234,590,3,24,20519,LLC,1,1
981,1981,2024-07-29 14:10:30.420165,NY,176041,560,2,19,1229,C Corp,1,0
85,1085,2024-06-27 14:10:30.412148,TX,187545,680,6,16,22389,LLC,2,0
200,1200,2024-03-29 14:10:30.412991,NY,121230,710,7,8,15209,LLC,2,0
305,1305,2024-02-23 14:10:30.413777,NY,38090,530,1,8,9789,Sole Prop,1,0
688,1688,2023-11-17 14:10:30.416618,NY,83935,680,6,22,14972,C Corp,0,0
908,1908,2023-12-28 14:10:30.419398,TX,37018,620,4,16,29646,Sole Prop,1,0
941,1941,2024-05-27 14:10:30.419906,CA,123594,710,7,13,34216,C Corp,0,0
794,1794,2024-07-05 14:10:30.418118,TX,153324,800,10,28,16483,C Corp,0,0
888,1888,2023-11-12 14:10:30.419273,TX,86175,650,5,16,11583,LLC,1,0
176,1176,2024-01-24 14:10:30.412823,TX,42517,590,3,15,11213,Sole Prop,1,0
266,1266,2023-11-09 14:10:30.413471,TX,115993,740,8,12,13877,Sole Prop,0,0
327,1327,2023-12-17 14:10:30.413946,CA,167033,800,10,1,19127,C Corp,2,0
925,1925,2024-01-11 14:10:30.419605,TX,22479,500,0,27,24823,LLC,0,1
558,1558,2024-06-02 14:10:30.415672,CA,101540,770,9,16,35283,C Corp,0,1
547,1547,2024-08-01 14:10:30.415589,TX,75454,530,1,25,25128,Sole Prop,0,0
367,1367,2024-02-06 14:10:30.414229,NY,183570,560,2,1,4175,LLC,1,0
48,1048,2024-03-12 14:10:30.411750,NY,154336,590,3,19,14046,LLC,1,0
62,1062,2023-12-30 14:10:30.411985,NY,101787,770,9,18,26907,Sole Prop,0,0
789,1789,2024-03-11 14:10:30.418082,TX,60773,500,0,18,15933,C Corp,2,0
483,1483,2024-02-29 14:10:30.415100,CA,65779,680,6,21,26806,LLC,0,1
29,1029,2024-07-31 14:10:30.411565,TX,129592,740,8,6,19737,C Corp,2,0
103,1103,2024-03-24 14:10:30.412274,CA,115510,620,4,27,27080,Sole Prop,0,0
381,1381,2024-02-09 14:10:30.414334,CA,46868,680,6,22,48108,C Corp,1,1
921,1921,2023-11-13 14:10:30.419580,TX,104363,560,2,29,20493,C Corp,0,0
818,1818,2023-11-07 14:10:30.418285,CA,141850,680,6,12,24375,C Corp,0,0
478,1478,2024-07-24 14:10:30.415061,CA,86760,650,5,15,18987,C Corp,0,0
527,1527,2024-01-07 14:10:30.415416,TX,7221,770,9,21,29920,Sole Prop,0,0
435,1435,2024-06-02 14:10:30.414753,TX,64207,620,4,22,14008,C Corp,0,0
261,1261,2023-10-23 14:10:30.413433,CA,79487,620,4,24,8664,C Corp,1,0
248,1248,2024-07-08 14:10:30.413339,TX,45073,800,10,3,35495,C Corp,0,1
56,1056,2024-05-04 14:10:30.411938,TX,32154,560,2,9,36116,LLC,0,1
156,1156,2023-10-07 14:10:30.412663,NY,86461,740,8,1,27760,Sole Prop,1,0
1000,2000,2024-09-07 14:10:30.420283,TX,140520,560,2,15,13710,Sole Prop,1,0
916,1916,2024-06-28 14:10:30.419541,NY,185682,680,6,12,27542,LLC,1,0
869,1869,2023-11-17 14:10:30.419149,NY,122926,650,5,9,12772,Sole Prop,2,0
365,1365,2023-12-09 14:10:30.414214,NY,68558,500,0,22,49300,LLC,1,1
842,1842,2023-12-15 14:10:30.418563,NY,73447,560,2,14,14867,LLC,1,0
191,1191,2024-05-22 14:10:30.412924,TX,37398,710,7,12,44602,C Corp,1,1
848,1848,2024-01-04 14:10:30.418997,NY,188715,620,4,8,12419,LLC,2,0
225,1225,2024-03-30 14:10:30.413165,NY,78024,770,9,8,17575,C Corp,2,0
800,1800,2024-03-26 14:10:30.418161,TX,104226,650,5,19,46841,LLC,1,1
384,1384,2024-03-27 14:10:30.414357,CA,189009,740,8,30,10779,C Corp,2,0
866,1866,2024-03-03 14:10:30.419128,CA,40250,800,10,17,23993,C Corp,1,1
438,1438,2024-01-23 14:10:30.414772,CA,174058,650,5,19,40604,C Corp,0,0
935,1935,2024-03-06 14:10:30.419863,TX,32659,800,10,19,17919,C Corp,2,1
476,1476,2023-10-23 14:10:30.415048,TX,185993,740,8,5,14385,LLC,2,0
422,1422,2023-12-10 14:10:30.414661,TX,193746,680,6,10,32954,LLC,0,0
562,1562,2024-04-30 14:10:30.415701,NY,58790,740,8,8,19665,Sole Prop,2,1
61,1061,2024-02-29 14:10:30.411976,TX,7534,530,1,3,31164,LLC,1,1
979,1979,2023-10-23 14:10:30.420152,TX,168977,800,10,8,12205,LLC,2,0
426,1426,2023-12-30 14:10:30.414690,CA,53247,740,8,21,42378,C Corp,0,1
684,1684,2024-09-15 14:10:30.416587,CA,172856,620,4,25,17317,C Corp,1,0
715,1715,2024-08-05 14:10:30.417304,CA,176277,500,0,4,8796,Sole Prop,2,0
490,1490,2024-07-08 14:10:30.415145,TX,190070,620,4,30,25170,C Corp,1,0
901,1901,2024-08-19 14:10:30.419356,NY,8860,710,7,7,9132,Sole Prop,2,0
322,1322,2024-04-10 14:10:30.413906,TX,79461,530,1,9,17794,C Corp,0,0
383,1383,2024-06-14 14:10:30.414349,NY,130352,560,2,15,43429,C Corp,1,0
480,1480,2024-02-16 14:10:30.415075,CA,22609,620,4,2,44839,LLC,1,1
189,1189,2024-04-14 14:10:30.412911,NY,127770,530,1,5,29228,C Corp,0,0
436,1436,2023-11-07 14:10:30.414759,NY,29510,680,6,13,8157,C Corp,2,0
91,1091,2024-01-12 14:10:30.412194,CA,169298,590,3,9,12491,LLC,2,0
409,1409,2024-04-24 14:10:30.414563,TX,114137,680,6,5,5949,Sole Prop,2,0
184,1184,2024-05-29 14:10:30.412880,TX,193987,800,10,22,48967,C Corp,0,0
502,1502,2023-11-05 14:10:30.415231,NY,83042,500,0,15,12120,Sole Prop,2,0
648,1648,2024-09-19 14:10:30.416308,NY,102639,710,7,20,21778,LLC,2,0
5,1005,2024-10-01 14:10:30.410728,NY,188013,680,6,11,16594,LLC,2,0
679,1679,2024-05-01 14:10:30.416550,NY,22114,500,0,10,14332,Sole Prop,2,0
771,1771,2023-11-01 14:10:30.417947,NY,129253,560,2,18,31008,LLC,0,0
51,1051,2024-05-22 14:10:30.411830,CA,39308,800,10,21,16620,Sole Prop,2,0
260,1260,2023-11-16 14:10:30.413426,TX,92726,530,1,11,22281,C Corp,0,0
604,1604,2024-08-12 14:10:30.416006,CA,41868,650,5,24,25790,LLC,0,1
571,1571,2024-08-19 14:10:30.415762,NY,184845,620,4,27,29061,C Corp,1,0
669,1669,2023-12-12 14:10:30.416462,TX,23668,710,7,29,43454,C Corp,0,1
812,1812,2023-11-20 14:10:30.418247,TX,138904,620,4,6,36409,C Corp,1,0
269,1269,2024-01-09 14:10:30.413506,NY,178520,650,5,29,36894,LLC,1,0
461,1461,2024-03-24 14:10:30.414935,CA,120401,650,5,14,17412,C Corp,1,0
131,1131,2024-09-08 14:10:30.412467,CA,130233,530,1,27,44027,Sole Prop,0,0
530,1530,2024-02-28 14:10:30.415439,CA,41655,590,3,9,29342,LLC,1,1
541,1541,2024-01-17 14:10:30.415547,NY,45731,740,8,11,15636,C Corp,2,1
280,1280,2023-10-05 14:10:30.413590,TX,92894,560,2,5,17050,Sole Prop,0,0
497,1497,2024-01-25 14:10:30.415193,CA,184489,710,7,14,43678,Sole Prop,1,0
696,1696,2024-08-14 14:10:30.416672,CA,173909,590,3,15,20402,Sole Prop,2,0
128,1128,2024-07-05 14:10:30.412448,CA,8708,740,8,5,18759,LLC,2,1
231,1231,2024-03-29 14:10:30.413205,CA,194162,650,5,25,39789,C Corp,1,0
759,1759,2024-01-14 14:10:30.417758,CA,139823,740,8,15,12275,LLC,2,0
151,1151,2023-12-28 14:10:30.412628,NY,124229,530,1,11,14195,Sole Prop,2,0
77,1077,2024-03-09 14:10:30.412095,CA,110486,620,4,18,20796,LLC,0,0
859,1859,2024-09-30 14:10:30.419084,NY,181712,590,3,13,15937,LLC,1,0
272,1272,2024-06-05 14:10:30.413530,CA,165063,620,4,25,30586,Sole Prop,1,0
946,1946,2024-05-30 14:10:30.419937,NY,72172,620,4,3,7930,Sole Prop,1,0
992,1992,2024-06-13 14:10:30.420234,TX,180987,590,3,25,41218,LLC,0,0
702,1702,2024-02-03 14:10:30.416714,CA,175091,560,2,4,30592,C Corp,0,0
172,1172,2023-10-10 14:10:30.412795,NY,121307,560,2,23,11428,LLC,2,0
329,1329,2024-03-11 14:10:30.413958,CA,123893,530,1,23,43054,LLC,0,1
830,1830,2023-12-28 14:10:30.418370,TX,187729,800,10,23,38166,LLC,0,0
340,1340,2024-09-08 14:10:30.414031,TX,152276,590,3,12,16433,Sole Prop,1,0
968,1968,2024-09-25 14:10:30.420078,CA,157831,800,10,17,31755,Sole Prop,0,0
158,1158,2024-05-08 14:10:30.412678,TX,189919,620,4,14,15923,Sole Prop,2,0
695,1695,2024-01-26 14:10:30.416663,NY,28614,740,8,3,45742,C Corp,1,1
243,1243,2024-04-02 14:10:30.413302,NY,119481,530,1,8,12640,C Corp,2,0
974,1974,2023-10-06 14:10:30.420116,NY,15420,590,3,30,29108,Sole Prop,1,0
341,1341,2024-01-20 14:10:30.414039,CA,149141,620,4,27,33625,C Corp,1,0
377,1377,2024-01-15 14:10:30.414302,CA,27737,680,6,22,33227,LLC,0,1
30,1030,2023-11-29 14:10:30.411605,CA,60521,740,8,25,22007,C Corp,1,1
593,1593,2024-06-30 14:10:30.415920,CA,147114,620,4,6,15432,LLC,2,0
644,1644,2024-04-28 14:10:30.416282,TX,137853,680,6,5,7495,C Corp,1,0
556,1556,2024-03-13 14:10:30.415657,NY,126921,620,4,25,16367,Sole Prop,2,0
776,1776,2024-04-11 14:10:30.417985,NY,113174,800,10,28,41487,LLC,1,1
304,1304,2023-10-23 14:10:30.413769,NY,13163,560,2,28,45267,C Corp,1,1
569,1569,2024-07-17 14:10:30.415748,NY,48089,710,7,15,1295,Sole Prop,2,0
474,1474,2024-08-15 14:10:30.415034,CA,63196,740,8,24,31670,C Corp,1,1
142,1142,2024-08-29 14:10:30.412559,NY,48495,620,4,20,32258,C Corp,1,1
633,1633,2024-09-28 14:10:30.416200,TX,168330,770,9,17,19151,LLC,2,0
489,1489,2024-03-18 14:10:30.415139,TX,34945,650,5,12,12231,C Corp,2,1
816,1816,2023-12-02 14:10:30.418273,NY,144311,740,8,25,48124,LLC,0,1
208,1208,2024-05-22 14:10:30.413045,NY,38228,680,6,17,14851,C Corp,0,1
720,1720,2024-08-16 14:10:30.417346,TX,63129,500,0,11,14250,C Corp,2,0
451,1451,2024-10-02 14:10:30.414867,CA,121584,650,5,25,18226,LLC,2,0
817,1817,2024-02-01 14:10:30.418279,TX,39164,770,9,18,37077,C Corp,0,1
711,1711,2024-09-07 14:10:30.417279,NY,173663,560,2,17,12282,Sole Prop,2,0
577,1577,2023-11-09 14:10:30.415808,NY,157652,770,9,9,21395,LLC,0,0
318,1318,2024-08-01 14:10:30.413874,CA,173385,530,1,15,17906,C Corp,2,0
379,1379,2024-05-21 14:10:30.414315,CA,84153,770,9,24,37302,LLC,1,1
133,1133,2024-05-02 14:10:30.412498,NY,70061,530,1,18,17934,C Corp,2,0
469,1469,2024-02-18 14:10:30.414996,TX,130628,770,9,13,12912,C Corp,1,0
610,1610,2024-02-02 14:10:30.416043,TX,175647,800,10,8,19919,Sole Prop,0,0
508,1508,2024-08-17 14:10:30.415276,NY,112897,500,0,9,1834,LLC,1,0
122,1122,2024-05-07 14:10:30.412403,NY,111011,590,3,10,25133,C Corp,1,0
944,1944,2024-01-17 14:10:30.419925,TX,154597,770,9,5,38574,LLC,0,0
802,1802,2024-04-11 14:10:30.418175,CA,131382,770,9,1,1559,LLC,1,0
411,1411,2024-02-10 14:10:30.414578,NY,152426,680,6,14,48719,C Corp,1,0
354,1354,2024-06-22 14:10:30.414132,CA,136548,770,9,30,16218,C Corp,2,0
267,1267,2024-06-17 14:10:30.413488,CA,132473,590,3,8,17391,LLC,0,0
207,1207,2024-09-27 14:10:30.413038,CA,67372,770,9,11,21532,LLC,0,0
834,1834,2023-11-04 14:10:30.418392,TX,80096,770,9,2,25462,C Corp,0,0
757,1757,2023-11-11 14:10:30.417743,TX,167825,590,3,2,27602,Sole Prop,1,0
164,1164,2024-03-22 14:10:30.412725,NY,112682,500,0,11,36297,Sole Prop,1,0
182,1182,2023-10-19 14:10:30.412867,TX,17856,770,9,24,17063,Sole Prop,2,0
38,1038,2024-09-07 14:10:30.411679,TX,176299,800,10,4,10403,Sole Prop,0,0
86,1086,2024-07-21 14:10:30.412155,TX,185256,500,0,29,24817,Sole Prop,0,0
45,1045,2024-09-05 14:10:30.411726,TX,197869,740,8,2,19433,Sole Prop,1,0
57,1057,2023-12-26 14:10:30.411945,NY,76394,620,4,20,40309,C Corp,0,1
852,1852,2024-06-23 14:10:30.419037,NY,167161,650,5,5,19575,LLC,0,0
247,1247,2023-11-09 14:10:30.413328,NY,66936,530,1,5,15642,LLC,2,0
619,1619,2023-11-19 14:10:30.416100,TX,130915,590,3,4,30956,LLC,0,0
704,1704,2023-10-23 14:10:30.416994,CA,52516,770,9,13,11087,C Corp,2,0
219,1219,2023-10-19 14:10:30.413122,CA,22598,530,1,27,30513,LLC,0,1
805,1805,2024-06-09 14:10:30.418199,CA,91566,530,1,16,29753,Sole Prop,1,0
788,1788,2024-09-25 14:10:30.418074,TX,170577,500,0,27,36901,C Corp,1,0
972,1972,2024-03-24 14:10:30.420104,TX,191040,530,1,29,13185,Sole Prop,2,0
92,1092,2023-10-05 14:10:30.412200,CA,66471,620,4,11,16285,C Corp,2,0
920,1920,2024-07-17 14:10:30.419574,CA,82508,620,4,18,19420,Sole Prop,2,0
319,1319,2024-01-14 14:10:30.413882,CA,38642,740,8,21,37530,LLC,1,1
183,1183,2024-06-09 14:10:30.412873,TX,97358,590,3,21,38220,C Corp,0,1
599,1599,2024-07-16 14:10:30.415963,TX,119522,800,10,16,10081,Sole Prop,1,0
232,1232,2024-08-22 14:10:30.413213,NY,45784,560,2,25,44500,LLC,1,1
590,1590,2024-06-14 14:10:30.415896,TX,106822,650,5,30,31697,LLC,0,0
64,1064,2023-10-29 14:10:30.412001,NY,97714,740,8,29,14111,C Corp,2,0
230,1230,2024-08-19 14:10:30.413198,TX,144062,590,3,13,21654,Sole Prop,2,0
653,1653,2024-02-05 14:10:30.416345,NY,174704,560,2,20,12212,LLC,0,0
302,1302,2024-09-13 14:10:30.413756,TX,97421,770,9,14,17196,C Corp,2,0
506,1506,2024-04-08 14:10:30.415259,TX,78684,770,9,18,23734,Sole Prop,0,0
694,1694,2024-09-28 14:10:30.416655,TX,28331,530,1,27,20946,C Corp,1,1
871,1871,2023-11-29 14:10:30.419160,NY,156218,770,9,21,21067,C Corp,1,0
618,1618,2024-09-07 14:10:30.416094,CA,6000,680,6,3,19462,C Corp,2,1
105,1105,2024-09-14 14:10:30.412286,NY,69823,590,3,27,33455,C Corp,0,1
522,1522,2023-10-10 14:10:30.415383,NY,5284,590,3,16,29522,LLC,0,1
250,1250,2023-11-10 14:10:30.413354,TX,168714,650,5,28,2584,Sole Prop,1,0
300,1300,2024-07-04 14:10:30.413742,TX,82009,650,5,4,10479,Sole Prop,0,0
125,1125,2024-06-28 14:10:30.412424,CA,36340,740,8,25,7244,LLC,1,0
538,1538,2024-09-04 14:10:30.415524,CA,137804,620,4,21,28538,C Corp,1,0
169,1169,2024-04-19 14:10:30.412773,TX,144885,680,6,11,44927,C Corp,1,0
728,1728,2023-12-13 14:10:30.417403,NY,196494,560,2,4,14553,C Corp,2,0
735,1735,2023-11-13 14:10:30.417451,CA,191214,530,1,25,17446,C Corp,2,0
163,1163,2024-03-25 14:10:30.412718,CA,89352,590,3,23,17630,C Corp,0,0
146,1146,2024-08-19 14:10:30.412587,NY,181763,770,9,19,36205,C Corp,0,0
521,1521,2024-05-01 14:10:30.415375,TX,188354,590,3,14,16103,LLC,1,0
228,1228,2024-04-29 14:10:30.413184,CA,97018,500,0,6,68527,C Corp,0,1
525,1525,2024-03-22 14:10:30.415404,NY,196565,530,1,4,23435,Sole Prop,2,0
114,1114,2024-02-26 14:10:30.412346,CA,171614,710,7,23,29255,Sole Prop,0,0
798,1798,2024-09-14 14:10:30.418146,TX,89953,530,1,23,23802,C Corp,1,0
127,1127,2024-01-10 14:10:30.412441,TX,79186,530,1,27,41428,Sole Prop,0,0
828,1828,2024-03-15 14:10:30.418352,TX,41193,800,10,4,27095,LLC,1,1
950,1950,2024-04-16 14:10:30.419962,CA,118850,680,6,30,23104,LLC,0,0
140,1140,2023-10-19 14:10:30.412545,NY,74351,800,10,19,829,LLC,1,0
778,1778,2024-08-07 14:10:30.418003,NY,180892,770,9,28,39826,C Corp,0,0
126,1126,2024-06-28 14:10:30.412433,NY,198620,710,7,9,24472,C Corp,1,0
236,1236,2024-03-16 14:10:30.413243,TX,19360,500,0,7,7496,LLC,2,1
709,1709,2024-08-17 14:10:30.417108,CA,178464,590,3,16,14836,C Corp,2,0
978,1978,2024-04-13 14:10:30.420144,CA,177210,560,2,3,43576,Sole Prop,1,0
245,1245,2024-04-14 14:10:30.413314,NY,92311,560,2,3,6353,C Corp,1,0
914,1914,2024-07-18 14:10:30.419461,TX,145601,530,1,5,17717,LLC,2,0
868,1868,2024-03-15 14:10:30.419143,NY,186021,560,2,2,44093,Sole Prop,0,0
882,1882,2024-08-23 14:10:30.419232,NY,73800,770,9,5,27860,C Corp,0,1
79,1079,2023-12-18 14:10:30.412108,CA,111450,740,8,27,29391,Sole Prop,0,0
894,1894,2024-07-13 14:10:30.419310,TX,198231,800,10,13,12345,LLC,2,0
273,1273,2024-06-04 14:10:30.413539,CA,127949,590,3,12,20980,C Corp,1,0
58,1058,2024-04-12 14:10:30.411952,NY,185223,800,10,28,19656,C Corp,2,0
320,1320,2024-07-30 14:10:30.413891,CA,136822,500,0,27,12123,C Corp,0,0
531,1531,2024-05-30 14:10:30.415447,TX,162548,770,9,24,37271,Sole Prop,1,0
931,1931,2024-09-05 14:10:30.419646,TX,74681,740,8,2,17390,LLC,1,0
668,1668,2024-05-07 14:10:30.416454,CA,35875,710,7,2,21206,C Corp,1,1
275,1275,2024-06-24 14:10:30.413556,TX,41280,620,4,2,17798,Sole Prop,1,0
486,1486,2024-06-17 14:10:30.415121,NY,77966,530,1,19,22071,C Corp,0,0
473,1473,2023-11-09 14:10:30.415027,TX,174539,680,6,25,4662,Sole Prop,2,0
177,1177,2023-10-29 14:10:30.412831,NY,126963,620,4,22,35608,LLC,1,0
578,1578,2024-09-01 14:10:30.415814,NY,174341,710,7,26,26154,LLC,0,0
878,1878,2023-12-09 14:10:30.419206,TX,123040,680,6,6,10663,LLC,0,0
507,1507,2024-05-08 14:10:30.415265,CA,155139,620,4,28,37373,C Corp,1,0
380,1380,2024-05-24 14:10:30.414326,TX,99254,590,3,2,29168,LLC,1,0
129,1129,2024-09-07 14:10:30.412454,TX,81581,560,2,21,18955,LLC,2,0
907,1907,2024-04-28 14:10:30.419393,CA,46579,800,10,24,32029,C Corp,0,1
27,1027,2024-04-02 14:10:30.411547,CA,67770,500,0,8,4883,LLC,1,0
332,1332,2024-03-29 14:10:30.413976,TX,152233,530,1,11,26897,Sole Prop,0,0
939,1939,2024-04-21 14:10:30.419890,CA,113093,800,10,14,43364,Sole Prop,1,0
372,1372,2023-12-01 14:10:30.414266,NY,92829,620,4,15,5559,C Corp,1,0
284,1284,2024-05-03 14:10:30.413617,NY,17517,590,3,14,31754,C Corp,1,1
471,1471,2024-01-04 14:10:30.415011,TX,172295,530,1,4,33840,C Corp,0,0
983,1983,2024-07-22 14:10:30.420180,TX,153070,560,2,11,45655,C Corp,0,0
889,1889,2024-08-20 14:10:30.419282,CA,85705,650,5,14,15832,LLC,2,0
738,1738,2024-03-23 14:10:30.417470,NY,18910,800,10,2,38138,Sole Prop,0,0
22,1022,2024-08-07 14:10:30.411504,TX,145763,620,4,25,29620,Sole Prop,1,0
799,1799,2024-05-17 14:10:30.418154,TX,74026,770,9,18,33183,LLC,1,1
513,1513,2024-10-03 14:10:30.415314,TX,29416,710,7,21,25583,C Corp,1,1
509,1509,2023-10-11 14:10:30.415285,NY,70451,560,2,23,4039,LLC,2,0
854,1854,2024-09-13 14:10:30.419048,CA,102306,770,9,11,13694,C Corp,2,0
641,1641,2024-05-04 14:10:30.416261,TX,121158,650,5,9,5531,Sole Prop,1,0
59,1059,2024-01-28 14:10:30.411959,CA,18316,530,1,21,10803,Sole Prop,2,0
144,1144,2024-03-12 14:10:30.412575,CA,136195,740,8,16,17681,LLC,2,0
540,1540,2024-01-03 14:10:30.415541,TX,45024,620,4,3,15138,LLC,2,1
95,1095,2024-02-09 14:10:30.412221,CA,21322,590,3,27,15485,Sole Prop,2,1
363,1363,2024-08-25 14:10:30.414199,CA,120966,800,10,9,47362,Sole Prop,1,0
714,1714,2024-08-25 14:10:30.417298,CA,121441,770,9,15,9216,Sole Prop,0,0
588,1588,2024-02-06 14:10:30.415881,TX,98698,770,9,8,27969,LLC,0,0
958,1958,2024-06-26 14:10:30.420015,TX,166479,740,8,8,37462,LLC,0,0
241,1241,2024-02-28 14:10:30.413287,TX,111017,800,10,14,16786,LLC,2,0
206,1206,2024-01-02 14:10:30.413031,CA,50743,530,1,22,29271,LLC,0,1
831,1831,2024-03-19 14:10:30.418375,TX,6386,530,1,27,36186,Sole Prop,0,1
408,1408,2024-01-25 14:10:30.414557,NY,95286,800,10,22,20163,C Corp,2,0
315,1315,2024-04-03 14:10:30.413849,TX,155019,650,5,15,40174,LLC,1,0
44,1044,2023-12-25 14:10:30.411719,TX,193326,710,7,5,26988,Sole Prop,0,0
204,1204,2024-06-21 14:10:30.413019,NY,150282,590,3,19,37140,LLC,0,0
393,1393,2024-09-02 14:10:30.414421,TX,20795,530,1,30,15122,LLC,2,1
942,1942,2024-09-17 14:10:30.419912,CA,161175,500,0,17,35024,Sole Prop,0,0
991,1991,2024-07-13 14:10:30.420228,NY,64316,500,0,14,39873,Sole Prop,0,1
450,1450,2024-07-18 14:10:30.414861,TX,107137,650,5,12,31660,LLC,0,0
198,1198,2024-03-04 14:10:30.412978,TX,199581,560,2,29,10184,C Corp,2,0
880,1880,2024-08-25 14:10:30.419220,NY,48754,680,6,4,17926,LLC,0,1
661,1661,2024-09-21 14:10:30.416406,TX,135383,620,4,9,15546,Sole Prop,2,0
36,1036,2023-12-17 14:10:30.411663,TX,128907,590,3,26,16946,Sole Prop,2,0
160,1160,2024-07-27 14:10:30.412693,NY,77416,680,6,11,44860,Sole Prop,1,0
999,1999,2024-05-02 14:10:30.420277,CA,125939,560,2,14,23300,C Corp,2,0
251,1251,2024-08-31 14:10:30.413364,CA,120922,800,10,10,8645,C Corp,2,0
443,1443,2024-03-19 14:10:30.414806,TX,146705,650,5,13,26015,LLC,1,0
524,1524,2023-10-14 14:10:30.415398,CA,36612,680,6,23,19184,Sole Prop,0,0
847,1847,2023-10-24 14:10:30.418966,TX,65274,650,5,14,19691,C Corp,2,0
324,1324,2024-08-18 14:10:30.413921,TX,173031,560,2,19,46537,LLC,1,0
969,1969,2024-05-12 14:10:30.420083,NY,187590,770,9,9,34085,Sole Prop,0,0
936,1936,2024-02-13 14:10:30.419870,TX,179389,680,6,29,26407,LLC,0,0
855,1855,2024-05-17 14:10:30.419059,CA,52938,740,8,9,15674,LLC,2,0
770,1770,2024-05-09 14:10:30.417940,TX,83997,770,9,3,8557,Sole Prop,2,0
980,1980,2023-12-16 14:10:30.420157,NY,116795,620,4,30,37913,Sole Prop,1,0
463,1463,2024-03-15 14:10:30.414950,CA,81401,800,10,16,25699,LLC,1,0
560,1560,2024-06-07 14:10:30.415684,TX,95812,800,10,27,27838,LLC,1,0
494,1494,2024-01-03 14:10:30.415172,TX,174151,560,2,18,35145,Sole Prop,0,0
53,1053,2024-01-03 14:10:30.411897,NY,137614,620,4,5,11615,LLC,2,0
773,1773,2023-11-08 14:10:30.417960,CA,7922,740,8,28,27708,LLC,1,1
271,1271,2024-07-12 14:10:30.413524,TX,119733,500,0,14,19589,C Corp,2,0
548,1548,2024-05-18 14:10:30.415596,TX,21743,620,4,23,14254,C Corp,1,1
829,1829,2024-02-19 14:10:30.418362,TX,47413,530,1,7,43647,Sole Prop,1,0
306,1306,2023-12-19 14:10:30.413786,NY,163621,560,2,22,12567,Sole Prop,2,0
14,1014,2023-12-24 14:10:30.410813,NY,184467,650,5,27,38164,LLC,0,0
658,1658,2024-02-01 14:10:30.416381,NY,93154,620,4,21,9372,Sole Prop,2,0
535,1535,2024-08-29 14:10:30.415501,TX,8163,650,5,30,10621,LLC,2,1
621,1621,2024-02-06 14:10:30.416112,CA,178287,620,4,3,46991,C Corp,1,0
784,1784,2024-04-27 14:10:30.418046,NY,63071,800,10,14,8602,Sole Prop,2,0
774,1774,2024-08-02 14:10:30.417969,NY,6318,770,9,20,17759,C Corp,2,1
545,1545,2024-07-07 14:10:30.415574,NY,8320,560,2,23,23493,LLC,0,1
71,1071,2024-05-24 14:10:30.412051,NY,157198,620,4,2,33616,C Corp,0,0
918,1918,2023-10-14 14:10:30.419559,CA,54748,770,9,6,18634,Sole Prop,1,0
34,1034,2023-11-16 14:10:30.411647,NY,65015,530,1,29,27705,Sole Prop,0,0
173,1173,2024-09-11 14:10:30.412801,CA,19711,620,4,12,24328,Sole Prop,2,0
121,1121,2023-10-17 14:10:30.412397,CA,174319,710,7,15,20074,LLC,0,0
971,1971,2024-04-03 14:10:30.420096,NY,10001,620,4,28,15048,Sole Prop,1,0
20,1020,2023-10-22 14:10:30.411465,CA,161345,530,1,13,4301,C Corp,2,0
582,1582,2024-07-20 14:10:30.415839,NY,165984,770,9,20,18702,C Corp,0,0
360,1360,2024-06-20 14:10:30.414178,TX,189808,710,7,11,16160,Sole Prop,2,0
223,1223,2024-05-10 14:10:30.413150,TX,86906,650,5,4,14679,C Corp,1,0
792,1792,2024-08-19 14:10:30.418103,CA,100385,740,8,1,19464,LLC,1,0
211,1211,2024-01-12 14:10:30.413069,CA,125073,800,10,1,32140,Sole Prop,0,0
418,1418,2024-06-22 14:10:30.414630,CA,67739,740,8,11,22383,Sole Prop,2,0
498,1498,2024-08-23 14:10:30.415203,TX,13089,590,3,10,38513,Sole Prop,0,0
410,1410,2024-01-03 14:10:30.414569,CA,68168,590,3,10,3886,LLC,1,0
782,1782,2024-04-25 14:10:30.418031,CA,123134,650,5,20,45720,Sole Prop,1,0
246,1246,2024-08-07 14:10:30.413322,TX,138680,590,3,29,22801,Sole Prop,2,0
674,1674,2024-07-15 14:10:30.416510,CA,28079,560,2,20,14371,C Corp,2,1
657,1657,2024-03-27 14:10:30.416375,TX,174696,770,9,20,16399,Sole Prop,2,0
74,1074,2024-02-24 14:10:30.412072,NY,141293,740,8,22,28063,C Corp,1,0
922,1922,2024-04-01 14:10:30.419586,TX,67596,650,5,24,21590,C Corp,0,0
467,1467,2024-08-30 14:10:30.414982,CA,181417,710,7,5,43118,Sole Prop,1,0
954,1954,2023-12-15 14:10:30.419987,TX,28614,590,3,14,21392,Sole Prop,2,0
28,1028,2024-08-22 14:10:30.411557,TX,132399,530,1,25,34211,LLC,1,0
394,1394,2024-05-11 14:10:30.414428,CA,52181,560,2,25,31469,C Corp,1,1
510,1510,2023-10-24 14:10:30.415292,CA,133308,560,2,19,12621,Sole Prop,1,0
314,1314,2024-06-12 14:10:30.413843,NY,57685,560,2,8,16810,LLC,2,0
439,1439,2024-09-13 14:10:30.414778,NY,60421,770,9,16,22706,LLC,2,1
270,1270,2023-12-04 14:10:30.413515,CA,45436,560,2,6,27717,C Corp,1,1
555,1555,2023-10-26 14:10:30.415648,NY,52014,590,3,26,12895,LLC,1,0
289,1289,2024-01-19 14:10:30.413664,TX,150267,500,0,13,7820,LLC,2,0
965,1965,2023-10-15 14:10:30.420059,NY,84984,710,7,16,29047,Sole Prop,0,0
41,1041,2023-12-28 14:10:30.411699,NY,18261,800,10,18,37384,LLC,0,1
233,1233,2023-10-25 14:10:30.413221,NY,76330,710,7,22,19941,Sole Prop,2,0
640,1640,2024-01-27 14:10:30.416255,TX,184529,530,1,28,24899,LLC,0,0
725,1725,2023-12-08 14:10:30.417380,NY,123097,710,7,22,1269,C Corp,1,0
274,1274,2024-02-22 14:10:30.413547,CA,78864,680,6,17,12386,Sole Prop,1,0
666,1666,2023-12-23 14:10:30.416441,NY,183182,650,5,21,32238,LLC,0,0
748,1748,2024-03-25 14:10:30.417673,NY,117330,620,4,18,23823,LLC,2,0
938,1938,2024-01-05 14:10:30.419884,TX,121132,650,5,29,19664,C Corp,2,0
606,1606,2023-10-27 14:10:30.416018,TX,196177,650,5,15,26739,Sole Prop,0,0
786,1786,2024-07-07 14:10:30.418059,TX,164023,530,1,27,15130,LLC,2,0
823,1823,2024-01-12 14:10:30.418315,NY,103311,800,10,7,4579,Sole Prop,1,0
722,1722,2024-07-12 14:10:30.417358,CA,41817,680,6,4,19166,C Corp,2,1
73,1073,2024-08-06 14:10:30.412065,CA,156149,590,3,9,23548,C Corp,0,0
423,1423,2024-04-19 14:10:30.414669,NY,104572,770,9,27,19026,Sole Prop,0,0
635,1635,2024-08-11 14:10:30.416216,TX,31474,620,4,28,28494,Sole Prop,1,0
215,1215,2024-05-07 14:10:30.413097,CA,137527,770,9,14,33853,C Corp,0,0
209,1209,2024-09-02 14:10:30.413051,CA,122512,650,5,17,42556,LLC,1,1
845,1845,2024-06-02 14:10:30.418867,CA,125284,800,10,15,43102,LLC,1,1
427,1427,2024-09-17 14:10:30.414696,NY,180168,500,0,25,14055,Sole Prop,0,0
337,1337,2024-06-16 14:10:30.414010,TX,97509,500,0,2,20326,Sole Prop,2,0
23,1023,2024-02-25 14:10:30.411515,NY,123940,500,0,24,2322,Sole Prop,1,0
815,1815,2024-03-04 14:10:30.418268,NY,163731,530,1,6,11865,C Corp,2,0
523,1523,2023-12-06 14:10:30.415392,NY,141169,800,10,15,23534,LLC,0,0
841,1841,2024-04-09 14:10:30.418469,CA,77484,590,3,20,31338,Sole Prop,0,1
69,1069,2024-06-28 14:10:30.412038,CA,91051,620,4,28,29279,Sole Prop,0,0
699,1699,2023-11-08 14:10:30.416694,NY,91156,650,5,29,13655,C Corp,2,0
872,1872,2024-07-07 14:10:30.419168,CA,98089,650,5,22,36879,Sole Prop,1,0
639,1639,2024-02-04 14:10:30.416248,CA,102633,500,0,11,20187,Sole Prop,2,0
12,1012,2024-08-29 14:10:30.410795,TX,171455,560,2,18,26237,LLC,1,0
282,1282,2024-08-25 14:10:30.413605,NY,72088,590,3,27,28948,C Corp,0,1
299,1299,2024-01-13 14:10:30.413735,CA,26656,680,6,3,25665,C Corp,2,1
926,1926,2024-09-18 14:10:30.419611,NY,33063,710,7,7,32237,LLC,0,1
330,1330,2024-02-22 14:10:30.413964,CA,131943,710,7,7,15105,C Corp,2,0
378,1378,2024-07-25 14:10:30.414309,CA,89830,590,3,1,10863,Sole Prop,2,0
31,1031,2024-06-24 14:10:30.411622,TX,86714,680,6,22,6101,Sole Prop,1,0
298,1298,2024-02-22 14:10:30.413726,CA,93876,560,2,16,32164,Sole Prop,1,0
80,1080,2024-02-27 14:10:30.412115,TX,164032,800,10,11,7906,Sole Prop,2,0
766,1766,2024-08-29 14:10:30.417808,TX,64675,620,4,14,11885,Sole Prop,2,0
385,1385,2023-10-30 14:10:30.414363,NY,69871,800,10,25,11179,LLC,1,0
93,1093,2024-08-24 14:10:30.412206,NY,44539,590,3,13,9328,LLC,1,0
862,1862,2023-10-12 14:10:30.419106,CA,100703,680,6,9,19448,LLC,2,0
835,1835,2024-01-25 14:10:30.418398,CA,7807,590,3,28,24471,C Corp,1,1
990,1990,2024-02-07 14:10:30.420222,TX,175280,650,5,6,18243,Sole Prop,2,0
